Audience,HM F 18-39,,HM F 18-39,,HM F 18-39,,HM F 18-39,,HM F 20-59,,HM F 20-59,,HM F 20-59,,HM F 20-59,,HM F 25-49,,HM F 25-49,,HM F 25-49,,HM F 25-49
,TV,,OLV,,YT,,FB,,TV,,OLV,,YT,,FB,,TV,,OLV,,YT,,FB
,Germany,,Germany,,Germany,,Germany,,Germany,,Germany,,Germany,,Germany,,Germany,,Germany,,Germany,,Germany
,1+ Reach,,1+ Reach,,1+ Reach,,1+ Reach,,1+ Reach,,1+ Reach,,1+ Reach,,1+ Reach,,1+ Reach,,1+ Reach,,1+ Reach,,1+ Reach
0,0,0,0,0,0,0,0,0,0,0,0,0,0,0,0,0,0,0,0,0,0,0,0
2,0.019,14.30615165,0.054363376,2.575107296,1.716738197,14.45851216,0.061024893,0.65,0.0065,6.108735492,0.026267563,6.16174099,0.026137385,1.979230299,1.405009163,0.21,0.0021,9.532888465,0.034318398,2.287893232,1.525262154,9.583918017,0.04125796
4,0.028,28.61230329,0.057224607,4.978540773,3.147353362,28.45077253,0.117263519,1.45,0.0088,12.21747098,0.045204643,12.32348198,0.052274771,4.031765425,2.504581552,1.17,0.0117,19.06577693,0.030505243,4.461391802,2.764537655,19.20946616,0.078959199
4,0.028,42.91845494,0.080114449,7.553648069,4.291845494,42.80878398,0.162733047,2.9,0.0232,18.32620648,0.061087355,18.28593769,0.073720831,6.010995724,3.420891875,1.39,0.0117,28.5986654,0.079122974,6.749285033,3.813155386,28.54472831,0.108124309
6,0.043,57.22460658,0.100143062,9.957081545,5.150214592,57.20346209,0.204612876,3.41,0.0277,24.43494197,0.074526573,24.5195785,0.093156323,8.063530849,4.215027489,3.17,0.0288,38.13155386,0.096282173,8.922783603,4.766444233,38.19081983,0.13586673
6,0.047,71.53075823,0.118741059,12.53218884,6.151645207,71.98444921,0.244099571,3.93,0.029,30.54367746,0.086744044,30.71830788,0.111251436,10.04276115,5.009163103,3.34,0.0303,47.66444233,0.110581506,11.21067684,5.624404194,47.63845567,0.159341087
8,0.059,85.83690987,0.134477825,14.93562232,6.86695279,86.17399142,0.2788,5.61,0.0449,36.65241295,0.097739768,36.58789249,0.12733598,12.02199145,5.681124007,4.01,0.0371,57.19733079,0.122974261,13.49857007,6.387035272,57.33850334,0.182104099
8,0.063,100.1430615,0.143776824,17.51072961,7.582260372,100.3292418,0.311107296,6.23,0.0482,42.76114844,0.107513745,42.79967624,0.142750336,14.07452657,6.291997557,4.56,0.0383,66.73021926,0.135367016,15.67206864,7.054337464,66.74725453,0.202733079
10,0.072,114.4492132,0.164520744,20.08583691,8.297567954,114.5488841,0.342218026,6.62,0.0484,48.86988393,0.116065974,48.96117899,0.157494502,16.05375687,6.902871106,5.09,0.0391,76.26310772,0.145853194,17.95996187,7.721639657,76.30816015,0.222650715
11,0.072,128.7553648,0.17739628,22.48927039,9.012875536,129.1922175,0.373328755,6.64,0.0486,54.97861943,0.124618204,54.96313378,0.171568479,18.03298717,7.4526573,5.27,0.0409,85.79599619,0.155386082,20.2478551,8.388941849,85.85105815,0.241857007
12,0.075,143.0615165,0.190271817,25.06437768,9.585121602,143.2426896,0.400849785,6.92,0.0488,61.08735492,0.131948687,61.16078192,0.184972266,20.0855223,8.002443494,5.27,0.0409,95.32888465,0.163965682,22.42135367,8.960915157,95.40571973,0.260351954
14,0.077,157.3676681,0.201716738,27.46781116,10.15736767,157.6394134,0.428370815,8.41,0.0608,67.19609041,0.139279169,67.10898595,0.197705864,22.0647526,8.491142334,5.76,0.0433,104.8617731,0.172545281,24.7092469,9.532888465,104.885348,0.277424214
14,0.079,171.6738197,0.21316166,30.04291845,10.72961373,171.9005436,0.454695279,9.11,0.0678,73.3048259,0.145998778,73.37835675,0.210439462,24.11728772,8.979841173,6.89,0.0529,114.3946616,0.180171592,26.88274547,10.00953289,114.3649666,0.294496473
17,0.091,185.9799714,0.223175966,32.44635193,11.3018598,186.1693276,0.479823176,9.33,0.07,79.41356139,0.152107514,79.37940745,0.222502871,26.09651802,9.407452657,6.92,0.0532,123.92755,0.187797903,29.1706387,10.5815062,123.9395996,0.310857388
17,0.096,200.286123,0.233190272,35.02145923,11.73104435,200.2063948,0.503754506,10.23,0.077,85.52229688,0.158216249,85.7407025,0.23456628,28.07574832,9.896151497,7.26,0.0532,133.4604385,0.194470925,31.45853194,11.05815062,133.5804004,0.326506959
18,0.097,214.5922747,0.243204578,37.59656652,12.30329041,214.9453076,0.528882403,11.36,0.0794,91.63103238,0.163714111,91.80963348,0.245959499,30.12828345,10.32376298,7.66,0.0535,142.993327,0.201143947,33.63203051,11.53479504,143.2212011,0.34215653
18,0.104,228.8984263,0.251788269,40,12.73247496,228.9823605,0.552813734,12.09,0.0809,97.73976787,0.169211973,97.93215027,0.256682529,32.10751374,10.75137447,8.25,0.0554,152.5262154,0.20686368,35.91992374,12.01143947,152.6476072,0.357094757
19,0.112,243.204578,0.26037196,42.5751073,13.16165951,243.4680687,0.575548498,12.83,0.086,103.8485034,0.174098962,104.054661,0.267405559,34.16004887,11.11789859,8.77,0.0571,162.0591039,0.213536702,38.09342231,12.48808389,162.120591,0.372032984
20,0.117,257.5107296,0.268955651,44.97854077,13.59084406,258.0168383,0.598283262,14.38,0.0942,109.9572389,0.17898595,110.1771778,0.278128589,36.13927917,11.54551008,9.15,0.0579,171.5919924,0.218303146,40.38131554,12.86939943,171.7308103,0.386971211
21,0.118,271.8168813,0.276108727,47.55364807,14.02002861,271.7998712,0.619821459,17.42,0.1095,116.0659743,0.183872938,116.2999633,0.288851619,38.11850947,11.91203421,9.57,0.0614,181.1248808,0.224022879,42.66920877,13.34604385,181.3718208,0.401198093
22,0.122,286.1230329,0.283261803,49.95708155,14.44921316,286.6975966,0.642556223,18,0.1115,122.1747098,0.188149053,122.0700916,0.29823427,40.17104459,12.27855834,10,0.0651,190.6577693,0.228789323,44.84270734,13.72735939,190.5307817,0.414713632
22,0.128,300.4291845,0.290414878,52.53218884,14.87839771,300.3660372,0.662897854,18.78,0.115,128.2834453,0.192425168,128.2523763,0.308287111,42.15027489,12.58399511,10.93,0.0729,200.1906578,0.233555767,47.13060057,14.10867493,200.251878,0.428229171
23,0.128,314.7353362,0.297567954,55.10729614,15.16452074,314.8385122,0.684436052,19.13,0.1174,134.3921808,0.196701283,134.4346549,0.318339951,44.12950519,12.95051924,12.91,0.087,209.7235462,0.238322212,49.4184938,14.48999047,209.5759962,0.441033365
25,0.133,329.0414878,0.30472103,57.51072961,15.59370529,328.7590272,0.704777682,20.13,0.1189,140.5009163,0.200366524,140.6169395,0.328392792,46.18204032,13.31704337,13.21,0.09,219.2564347,0.243088656,51.59199237,14.87130601,219.2779886,0.45383756
26,0.136,343.3476395,0.310443491,60.08583691,16.02288984,343.4443491,0.725119313,20.74,0.119,146.6096518,0.204031765,146.728033,0.337775443,48.16127062,13.62248015,21.5,0.1677,228.7893232,0.246901811,53.87988561,15.25262154,229.0876835,0.466641754
29,0.152,357.6537911,0.316165951,62.48927039,16.30901288,358.129671,0.745460944,21.01,0.1204,152.7183873,0.207697007,152.8495174,0.347158094,50.21380574,13.92791692,22.28,0.1712,238.3222116,0.250714967,56.05338418,15.63393708,238.3523928,0.478734604
30,0.153,371.9599428,0.323319027,65.06437768,16.59513591,372.3583548,0.764606009,26.96,0.1638,158.8271228,0.211362248,158.9709957,0.356540745,52.19303604,14.2333537,22.72,0.1741,247.8551001,0.255481411,58.34127741,15.91992374,247.8169113,0.490827455
30,0.158,386.2660944,0.329041488,67.46781116,17.02432046,386.0585551,0.782554506,29.54,0.1817,164.9358583,0.214416616,165.166909,0.365923396,54.17226634,14.53879047,23.11,0.1744,257.3879886,0.259294566,60.62917064,16.30123928,257.5655195,0.502920305
31,0.159,400.5722461,0.334763948,70.04291845,17.31044349,400.8162518,0.801699571,29.67,0.1829,171.0445938,0.218081857,171.1442883,0.374635858,56.22480147,14.84422724,23.25,0.1743,266.920877,0.262154433,62.80266921,16.58722593,266.7406673,0.514301811
33,0.165,414.8783977,0.339055794,72.61802575,17.59656652,414.6658798,0.818451502,29.84,0.1833,177.1533293,0.221136225,177.1216677,0.38334832,58.20403177,15.14966402,23.37,0.1742,276.4537655,0.265967588,65.09056244,16.96854147,276.4570829,0.525683317
35,0.174,429.1845494,0.344778255,75.02145923,17.88268956,429.5047496,0.8364,30.28,0.1842,183.2620648,0.224190593,183.5588454,0.392730971,60.25656689,15.45510079,23.56,0.1745,285.986654,0.269780744,67.37845567,17.25452812,286.284795,0.537064824
36,0.174,443.490701,0.350500715,77.59656652,18.31187411,443.3543777,0.853151931,31.22,0.1863,189.3708002,0.22724496,189.2668662,0.400773244,62.23579719,15.69945021,23.98,0.1764,295.5195424,0.27264061,69.55195424,17.54051478,295.522307,0.547734986
38,0.178,457.7968526,0.353361946,80,18.59799714,458.3691702,0.871100429,32.25,0.1909,195.4795357,0.229688454,195.4821197,0.409485706,64.21502749,16.00488699,24.61,0.1809,305.0524309,0.275500477,71.83984747,17.82650143,305.3978742,0.559116492
38,0.181,472.1030043,0.359084406,82.5751073,18.88412017,472.6398712,0.887852361,34.51,0.1997,201.5882712,0.232742822,201.6973794,0.418198167,66.26756261,16.24923641,25.11,0.1847,314.5853194,0.279313632,74.01334604,18.11248808,314.0916111,0.569086368
39,0.181,486.4091559,0.363376252,84.97854077,19.1702432,486.9105722,0.904604292,34.69,0.2011,207.6970067,0.235186316,207.7579414,0.42624044,68.24679291,16.49358583,25.23,0.1858,324.1182078,0.282173499,76.30123928,18.39847474,,
42,0.201,500.7153076,0.367668097,87.55364807,19.45636624,501.0411016,0.920159657,34.77,0.2019,213.8057422,0.238240684,213.8473977,0.434282712,70.29932804,16.73793525,25.94,0.1882,333.6510963,0.285033365,78.58913251,18.68446139,,
42,0.205,515.0214592,0.371959943,90.12875536,19.59942775,515.6215594,0.935715021,35.3,0.2031,219.9144777,0.240684178,219.9368601,0.442324985,72.27855834,16.98228467,27.39,0.1966,343.1839847,0.287893232,80.76263108,18.97044805,,
42,0.205,529.3276109,0.376251788,92.53218884,19.88555079,529.1957654,0.95007382,36.02,0.2077,226.0232132,0.243127673,226.0263225,0.450367257,74.25778864,17.22663409,27.65,0.197,352.7168732,0.290753098,83.05052431,19.2564347,,
43,0.208,543.6337625,0.380543634,95.10729614,20.17167382,536.0621173,0.957304149,36.1,0.2085,232.1319487,0.245571167,232.1506475,0.45840953,76.31032376,17.47098351,28.56,0.2006,362.2497617,0.293612965,85.22402288,19.54242135,,
44,0.208,557.9399142,0.384835479,97.51072961,20.45779685,515.6215594,0.935715021,36.27,0.2092,238.2406842,0.248014661,238.5175015,0.466451802,78.28955406,17.71533293,29.48,0.2014,371.7826501,0.295519542,87.51191611,19.82840801,,
44,0.208,572.2460658,0.38769671,100.0858369,20.74391989,529.1957654,0.95007382,36.54,0.2105,244.3494197,0.249847282,244.3537813,0.473823885,80.26878436,17.95968235,29.48,0.2013,381.3155386,0.298379409,89.79980934,20.01906578,,
44,0.21,586.5522175,0.391988555,,,536.0621173,0.957304149,36.82,0.2109,250.4581552,0.252290776,250.7206292,0.481866158,,,31.02,0.2119,390.8484271,0.291706387,,,,
45,0.213,600.8583691,0.396280401,,,,,36.88,0.2108,256.5668907,0.25473427,256.7597434,0.489238241,,,31.47,0.2148,400.3813155,0.293612965,,,,
46,0.217,615.1645207,0.399141631,,,,,36.89,0.2109,262.6756261,0.256566891,263.0168479,0.496610324,,,32.96,0.2215,409.914204,0.295519542,,,,
46,0.221,629.4706724,0.402002861,,,,,37.54,0.2109,268.7843616,0.259010385,268.7051313,0.503312217,,,33.18,0.2215,419.4470925,0.29742612,,,,
48,0.23,643.776824,0.406294707,,,,,38.53,0.2158,274.8930971,0.260843005,275.1302505,0.510684301,,,34.06,0.2222,428.9799809,0.300285987,,,,
48,0.23,658.0829757,0.409155937,,,,,39.46,0.2168,281.0018326,0.262675626,281.0577886,0.517386194,,,34.41,0.2232,438.5128694,0.302192564,,,,
50,0.231,672.3891273,0.412017167,,,,,39.46,0.2168,287.1105681,0.264508247,287.4453513,0.524758277,,,34.74,0.2264,448.0457579,0.304099142,,,,
51,0.237,686.695279,0.414878398,,,,,39.46,0.2167,293.2193036,0.266340867,293.1156872,0.531460171,,,35.23,0.2275,457.5786463,0.305052431,,,,
52,0.238,701.0014306,0.419170243,,,,,40.43,0.2223,299.3280391,0.268784362,297.1771411,0.536170617,,,36.01,0.2312,467.1115348,0.307912297,,,,
52,0.238,715.3075823,0.422031474,,,,,40.45,0.2223,305.4367746,0.270616982,,,,,36.35,0.2315,476.6444233,0.309818875,,,,
54,0.24,729.6137339,0.424892704,,,,,40.51,0.2222,311.5455101,0.271838729,,,,,36.65,0.2345,486.1773117,0.310772164,,,,
54,0.24,743.9198856,0.427753934,,,,,41.49,0.2239,317.6542456,0.27367135,,,,,39.08,0.2519,495.7102002,0.311725453,,,,
54,0.24,758.2260372,0.430615165,,,,,42.2,0.2242,323.7629811,0.275503971,,,,,39.37,0.2548,505.2430887,0.314585319,,,,
54,0.24,772.5321888,0.433476395,,,,,42.69,0.2246,329.8717166,0.277336591,,,,,40.71,0.2606,514.7759771,0.316491897,,,,
55,0.242,786.8383405,0.43490701,,,,,43.23,0.2264,335.980452,0.279169212,,,,,41.25,0.2611,524.3088656,0.317445186,,,,
55,0.242,,,,,,,43.44,0.2267,,,,,,,41.69,0.2611,,,,,,
55,0.242,,,,,,,44.09,0.2278,,,,,,,45.13,0.2761,,,,,,
56,0.242,,,,,,,44.25,0.2278,,,,,,,48.7,0.2783,,,,,,
57,0.243,,,,,,,44.39,0.2277,,,,,,,52.19,0.2802,,,,,,
58,0.243,,,,,,,44.58,0.2278,,,,,,,53,0.2802,,,,,,
58,0.244,,,,,,,45.04,0.2303,,,,,,,54.99,0.2831,,,,,,
59,0.25,,,,,,,45.43,0.234,,,,,,,55.16,0.2831,,,,,,
60,0.252,,,,,,,45.83,0.234,,,,,,,55.23,0.2831,,,,,,
62,0.256,,,,,,,46.52,0.2356,,,,,,,56.36,0.2841,,,,,,
66,0.258,,,,,,,46.84,0.2365,,,,,,,56.43,0.2841,,,,,,
72,0.298,,,,,,,47.31,0.2364,,,,,,,58.55,0.2907,,,,,,
72,0.298,,,,,,,48.48,0.2401,,,,,,,59.07,0.2924,,,,,,
72,0.298,,,,,,,48.92,0.24,,,,,,,59.08,0.2924,,,,,,
72,0.298,,,,,,,49.5,0.2411,,,,,,,59.16,0.293,,,,,,
72,0.3,,,,,,,49.9,0.2413,,,,,,,59.53,0.2937,,,,,,
74,0.302,,,,,,,50.63,0.2422,,,,,,,59.53,0.2937,,,,,,
75,0.301,,,,,,,51.53,0.2473,,,,,,,60.06,0.2944,,,,,,
75,0.302,,,,,,,51.91,0.2497,,,,,,,60.21,0.2944,,,,,,
77,0.302,,,,,,,52.12,0.2501,,,,,,,60.29,0.2944,,,,,,
77,0.302,,,,,,,53.9,0.2577,,,,,,,60.29,0.2944,,,,,,
78,0.302,,,,,,,54.68,0.2588,,,,,,,61.46,0.298,,,,,,
78,0.303,,,,,,,54.73,0.2588,,,,,,,62.07,0.298,,,,,,
79,0.305,,,,,,,55.15,0.2604,,,,,,,62.72,0.2999,,,,,,
79,0.305,,,,,,,55.29,0.2608,,,,,,,63.18,0.3028,,,,,,
80,0.306,,,,,,,55.68,0.2618,,,,,,,63.81,0.3048,,,,,,
80,0.306,,,,,,,57.47,0.2705,,,,,,,63.81,0.3048,,,,,,
80,0.307,,,,,,,57.68,0.2707,,,,,,,64.37,0.3056,,,,,,
81,0.308,,,,,,,59.26,0.2712,,,,,,,64.37,0.3056,,,,,,
89,0.354,,,,,,,59.82,0.2724,,,,,,,64.4,0.3055,,,,,,
90,0.357,,,,,,,60.6,0.2736,,,,,,,64.75,0.3074,,,,,,
90,0.358,,,,,,,61.32,0.2752,,,,,,,65.35,0.31,,,,,,
90,0.36,,,,,,,62.36,0.279,,,,,,,65.6,0.31,,,,,,
91,0.364,,,,,,,63.48,0.2795,,,,,,,65.76,0.31,,,,,,
91,0.364,,,,,,,64.6,0.2846,,,,,,,65.87,0.311,,,,,,
91,0.364,,,,,,,65.73,0.289,,,,,,,66.3,0.3109,,,,,,
91,0.364,,,,,,,67.05,0.2906,,,,,,,66.93,0.3134,,,,,,
92,0.367,,,,,,,68.45,0.2918,,,,,,,67.18,0.3144,,,,,,
93,0.37,,,,,,,69.4,0.2932,,,,,,,67.33,0.3146,,,,,,
93,0.375,,,,,,,69.51,0.2939,,,,,,,67.93,0.3188,,,,,,
93,0.375,,,,,,,70.11,0.2961,,,,,,,68.23,0.3189,,,,,,
94,0.38,,,,,,,70.41,0.2966,,,,,,,68.29,0.3189,,,,,,
94,0.38,,,,,,,70.76,0.2987,,,,,,,68.84,0.3207,,,,,,
94,0.382,,,,,,,70.79,0.2987,,,,,,,68.88,0.321,,,,,,
95,0.387,,,,,,,71.06,0.3001,,,,,,,68.91,0.321,,,,,,
95,0.387,,,,,,,73.47,0.3046,,,,,,,69.32,0.3212,,,,,,
95,0.387,,,,,,,74.84,0.3081,,,,,,,69.74,0.3211,,,,,,
96,0.387,,,,,,,76.36,0.3111,,,,,,,71.97,0.324,,,,,,
98,0.392,,,,,,,77.52,0.3121,,,,,,,72.12,0.3239,,,,,,
98,0.392,,,,,,,77.95,0.3147,,,,,,,72.88,0.3241,,,,,,
99,0.392,,,,,,,78.31,0.3147,,,,,,,76.01,0.3326,,,,,,
99,0.392,,,,,,,78.69,0.3149,,,,,,,76.01,0.3326,,,,,,
100,0.393,,,,,,,81.14,0.3229,,,,,,,76.36,0.3335,,,,,,
100,0.393,,,,,,,81.76,0.3246,,,,,,,76.54,0.3335,,,,,,
100,0.393,,,,,,,83.21,0.3289,,,,,,,77.77,0.334,,,,,,
101,0.395,,,,,,,84.57,0.3306,,,,,,,77.85,0.334,,,,,,
102,0.396,,,,,,,84.81,0.3315,,,,,,,77.93,0.3339,,,,,,
103,0.397,,,,,,,85.02,0.3315,,,,,,,78.18,0.3346,,,,,,
105,0.397,,,,,,,85.35,0.3321,,,,,,,78.21,0.3348,,,,,,
105,0.4,,,,,,,85.61,0.3337,,,,,,,78.98,0.3365,,,,,,
107,0.4,,,,,,,86.35,0.3343,,,,,,,79.85,0.3396,,,,,,
109,0.401,,,,,,,87.43,0.3355,,,,,,,80.37,0.3415,,,,,,
110,0.402,,,,,,,87.45,0.3357,,,,,,,81.18,0.3422,,,,,,
111,0.402,,,,,,,87.97,0.3357,,,,,,,81.73,0.3427,,,,,,
111,0.402,,,,,,,88.45,0.3357,,,,,,,82.73,0.3469,,,,,,
111,0.405,,,,,,,89.74,0.3381,,,,,,,84.59,0.3474,,,,,,
112,0.405,,,,,,,90.42,0.3381,,,,,,,85.62,0.3479,,,,,,
113,0.41,,,,,,,92.16,0.3389,,,,,,,87.79,0.354,,,,,,
114,0.416,,,,,,,92.77,0.3392,,,,,,,90.38,0.3582,,,,,,
115,0.417,,,,,,,93.33,0.3401,,,,,,,90.45,0.3582,,,,,,
115,0.417,,,,,,,95.32,0.3422,,,,,,,91.48,0.3617,,,,,,
116,0.417,,,,,,,95.32,0.3421,,,,,,,91.99,0.3641,,,,,,
116,0.417,,,,,,,95.93,0.3436,,,,,,,92.31,0.3642,,,,,,
116,0.418,,,,,,,97.99,0.3479,,,,,,,92.73,0.3652,,,,,,
118,0.421,,,,,,,98.73,0.3491,,,,,,,92.89,0.3662,,,,,,
119,0.422,,,,,,,99.12,0.3496,,,,,,,93.64,0.3698,,,,,,
121,0.423,,,,,,,99.12,0.3496,,,,,,,95.26,0.372,,,,,,
121,0.424,,,,,,,100,0.3559,,,,,,,97.12,0.3742,,,,,,
121,0.424,,,,,,,100.43,0.3573,,,,,,,97.23,0.3745,,,,,,
121,0.424,,,,,,,102.72,0.3642,,,,,,,97.35,0.3745,,,,,,
122,0.427,,,,,,,103.27,0.3673,,,,,,,100.47,0.3833,,,,,,
123,0.427,,,,,,,104.36,0.3684,,,,,,,100.71,0.3844,,,,,,
124,0.429,,,,,,,105.06,0.3688,,,,,,,101.65,0.3871,,,,,,
125,0.43,,,,,,,105.41,0.3695,,,,,,,102.05,0.3877,,,,,,
126,0.432,,,,,,,105.67,0.3696,,,,,,,102.26,0.388,,,,,,
126,0.432,,,,,,,105.86,0.371,,,,,,,102.37,0.388,,,,,,
127,0.433,,,,,,,106.26,0.3728,,,,,,,103.35,0.3913,,,,,,
130,0.439,,,,,,,106.84,0.3729,,,,,,,104.77,0.3927,,,,,,
130,0.441,,,,,,,107.48,0.3738,,,,,,,106.79,0.3927,,,,,,
131,0.442,,,,,,,107.83,0.3739,,,,,,,107.04,0.3935,,,,,,
133,0.453,,,,,,,108.33,0.3754,,,,,,,107.64,0.3943,,,,,,
133,0.455,,,,,,,108.84,0.3767,,,,,,,108.33,0.3963,,,,,,
134,0.458,,,,,,,109.46,0.3767,,,,,,,108.87,0.3963,,,,,,
134,0.458,,,,,,,109.66,0.3772,,,,,,,109.15,0.3963,,,,,,
135,0.459,,,,,,,109.99,0.3781,,,,,,,109.7,0.3976,,,,,,
135,0.459,,,,,,,111.81,0.3811,,,,,,,109.97,0.3976,,,,,,
135,0.459,,,,,,,113.59,0.3893,,,,,,,109.99,0.3978,,,,,,
136,0.459,,,,,,,113.85,0.3895,,,,,,,110.56,0.3978,,,,,,
136,0.459,,,,,,,114.15,0.3902,,,,,,,110.56,0.3978,,,,,,
137,0.459,,,,,,,114.37,0.3902,,,,,,,111.88,0.4009,,,,,,
137,0.459,,,,,,,114.57,0.3902,,,,,,,112.62,0.4009,,,,,,
138,0.46,,,,,,,114.58,0.3902,,,,,,,113.14,0.4009,,,,,,
138,0.46,,,,,,,115.93,0.3934,,,,,,,113.44,0.401,,,,,,
139,0.46,,,,,,,116.58,0.3934,,,,,,,114.06,0.4026,,,,,,
140,0.46,,,,,,,117.01,0.3934,,,,,,,114.06,0.4026,,,,,,
141,0.46,,,,,,,117.97,0.3935,,,,,,,114.78,0.4039,,,,,,
142,0.467,,,,,,,118.99,0.3941,,,,,,,115.63,0.4066,,,,,,
143,0.467,,,,,,,122.65,0.4005,,,,,,,116.13,0.4079,,,,,,
144,0.467,,,,,,,122.92,0.401,,,,,,,116.43,0.4079,,,,,,
144,0.467,,,,,,,124.08,0.4016,,,,,,,116.67,0.408,,,,,,
145,0.47,,,,,,,126.8,0.4046,,,,,,,117.11,0.4086,,,,,,
147,0.47,,,,,,,127.63,0.4071,,,,,,,117.57,0.409,,,,,,
148,0.47,,,,,,,127.95,0.4078,,,,,,,117.83,0.4091,,,,,,
150,0.47,,,,,,,128,0.4078,,,,,,,117.96,0.4091,,,,,,
151,0.47,,,,,,,128.3,0.4078,,,,,,,118.23,0.4092,,,,,,
152,0.47,,,,,,,128.8,0.4079,,,,,,,119.39,0.412,,,,,,
153,0.47,,,,,,,129.38,0.4091,,,,,,,119.4,0.4121,,,,,,
154,0.471,,,,,,,129.46,0.4094,,,,,,,119.55,0.4121,,,,,,
155,0.471,,,,,,,129.75,0.4096,,,,,,,120.73,0.4141,,,,,,
155,0.471,,,,,,,130.04,0.4105,,,,,,,121.45,0.4149,,,,,,
157,0.471,,,,,,,130.55,0.4105,,,,,,,121.96,0.4165,,,,,,
163,0.498,,,,,,,130.8,0.4105,,,,,,,121.96,0.4165,,,,,,
163,0.498,,,,,,,130.94,0.4105,,,,,,,122.78,0.4165,,,,,,
164,0.498,,,,,,,131.69,0.4106,,,,,,,122.92,0.4165,,,,,,
167,0.501,,,,,,,132,0.4112,,,,,,,123.2,0.4178,,,,,,
167,0.501,,,,,,,132,0.4112,,,,,,,123.44,0.4186,,,,,,
168,0.501,,,,,,,132.37,0.4113,,,,,,,123.76,0.4188,,,,,,
168,0.501,,,,,,,132.37,0.4113,,,,,,,124.35,0.4192,,,,,,
168,0.501,,,,,,,132.37,0.4113,,,,,,,127.79,0.4289,,,,,,
169,0.504,,,,,,,132.37,0.4113,,,,,,,127.91,0.4289,,,,,,
169,0.505,,,,,,,133.28,0.4113,,,,,,,128.43,0.4295,,,,,,
169,0.508,,,,,,,133.61,0.4126,,,,,,,128.92,0.4304,,,,,,
170,0.508,,,,,,,133.89,0.4128,,,,,,,131.41,0.4333,,,,,,
170,0.508,,,,,,,133.92,0.4128,,,,,,,131.52,0.4333,,,,,,
170,0.508,,,,,,,134.07,0.4139,,,,,,,132.18,0.4333,,,,,,
171,0.508,,,,,,,134.27,0.4139,,,,,,,132.62,0.4339,,,,,,
172,0.509,,,,,,,134.49,0.4149,,,,,,,136.45,0.4362,,,,,,
173,0.51,,,,,,,134.76,0.4149,,,,,,,137.18,0.4374,,,,,,
174,0.511,,,,,,,135.05,0.4149,,,,,,,140.71,0.4384,,,,,,
174,0.511,,,,,,,135.34,0.4149,,,,,,,140.89,0.4384,,,,,,
176,0.511,,,,,,,135.39,0.4149,,,,,,,142.13,0.4388,,,,,,
176,0.511,,,,,,,136.19,0.4163,,,,,,,144.78,0.4397,,,,,,
177,0.511,,,,,,,137.58,0.4173,,,,,,,144.93,0.4398,,,,,,
177,0.511,,,,,,,137.98,0.4182,,,,,,,145.18,0.4398,,,,,,
177,0.511,,,,,,,138.28,0.4183,,,,,,,146.84,0.4407,,,,,,
177,0.511,,,,,,,138.66,0.4184,,,,,,,146.98,0.4407,,,,,,
177,0.511,,,,,,,139.34,0.4185,,,,,,,148.26,0.4424,,,,,,
177,0.511,,,,,,,139.66,0.4192,,,,,,,148.58,0.4425,,,,,,
178,0.511,,,,,,,140.08,0.4203,,,,,,,149.01,0.4425,,,,,,
178,0.514,,,,,,,140.58,0.4204,,,,,,,149.18,0.4425,,,,,,
178,0.514,,,,,,,140.74,0.4209,,,,,,,149.23,0.4425,,,,,,
180,0.516,,,,,,,141.4,0.423,,,,,,,149.36,0.443,,,,,,
180,0.516,,,,,,,141.51,0.4231,,,,,,,150.06,0.444,,,,,,
186,0.524,,,,,,,143.06,0.4263,,,,,,,150.78,0.4473,,,,,,
186,0.525,,,,,,,143.72,0.4263,,,,,,,154.09,0.4576,,,,,,
186,0.525,,,,,,,144.22,0.4264,,,,,,,154.68,0.4576,,,,,,
187,0.525,,,,,,,144.83,0.4264,,,,,,,156.53,0.4593,,,,,,
188,0.526,,,,,,,145.6,0.4269,,,,,,,156.53,0.4593,,,,,,
189,0.526,,,,,,,146.08,0.4269,,,,,,,156.53,0.4594,,,,,,
191,0.526,,,,,,,146.97,0.4275,,,,,,,157.48,0.4595,,,,,,
192,0.526,,,,,,,147.61,0.4278,,,,,,,159.2,0.4605,,,,,,
192,0.527,,,,,,,148.11,0.4287,,,,,,,160.48,0.4616,,,,,,
193,0.535,,,,,,,149.15,0.4301,,,,,,,160.58,0.4616,,,,,,
194,0.535,,,,,,,150,0.4303,,,,,,,160.76,0.4616,,,,,,
194,0.535,,,,,,,151.06,0.4312,,,,,,,160.81,0.4616,,,,,,
194,0.535,,,,,,,152.46,0.4318,,,,,,,160.81,0.4616,,,,,,
196,0.542,,,,,,,153.67,0.4335,,,,,,,161.05,0.4616,,,,,,
197,0.543,,,,,,,155.63,0.4357,,,,,,,162.39,0.4628,,,,,,
197,0.543,,,,,,,156.41,0.4361,,,,,,,163.66,0.4631,,,,,,
197,0.543,,,,,,,156.75,0.4361,,,,,,,165.04,0.4639,,,,,,
198,0.543,,,,,,,156.91,0.4362,,,,,,,165.23,0.4639,,,,,,
198,0.543,,,,,,,157.04,0.4362,,,,,,,165.86,0.4639,,,,,,
200,0.543,,,,,,,157.12,0.4362,,,,,,,166.12,0.4639,,,,,,
200,0.543,,,,,,,157.72,0.4374,,,,,,,166.36,0.4639,,,,,,
201,0.543,,,,,,,158.29,0.4393,,,,,,,166.62,0.465,,,,,,
202,0.543,,,,,,,158.75,0.4414,,,,,,,166.74,0.465,,,,,,
203,0.543,,,,,,,158.93,0.4418,,,,,,,166.86,0.465,,,,,,
203,0.543,,,,,,,160.19,0.442,,,,,,,167.54,0.4652,,,,,,
204,0.546,,,,,,,160.77,0.4426,,,,,,,168.13,0.466,,,,,,
206,0.548,,,,,,,161.27,0.4426,,,,,,,168.31,0.4663,,,,,,
209,0.548,,,,,,,161.8,0.4427,,,,,,,168.31,0.4663,,,,,,
209,0.549,,,,,,,162.28,0.4427,,,,,,,168.65,0.4679,,,,,,
210,0.55,,,,,,,163.3,0.4449,,,,,,,169.18,0.4682,,,,,,
211,0.55,,,,,,,164.81,0.4476,,,,,,,169.35,0.4694,,,,,,
212,0.551,,,,,,,166.3,0.4486,,,,,,,169.4,0.4694,,,,,,
212,0.551,,,,,,,166.66,0.4487,,,,,,,169.4,0.4694,,,,,,
213,0.551,,,,,,,167.09,0.4487,,,,,,,169.9,0.471,,,,,,
213,0.551,,,,,,,167.53,0.4491,,,,,,,170.16,0.4716,,,,,,
214,0.551,,,,,,,167.97,0.45,,,,,,,170.27,0.4717,,,,,,
214,0.551,,,,,,,168.27,0.4501,,,,,,,170.46,0.4717,,,,,,
214,0.551,,,,,,,168.54,0.4501,,,,,,,170.5,0.4717,,,,,,
215,0.552,,,,,,,168.89,0.4502,,,,,,,170.54,0.4717,,,,,,
215,0.552,,,,,,,169.79,0.4502,,,,,,,170.73,0.4718,,,,,,
216,0.552,,,,,,,170.81,0.4518,,,,,,,171.03,0.4719,,,,,,
218,0.552,,,,,,,171.87,0.452,,,,,,,171.31,0.4718,,,,,,
219,0.552,,,,,,,172.4,0.452,,,,,,,171.45,0.4718,,,,,,
220,0.552,,,,,,,172.92,0.452,,,,,,,171.58,0.4726,,,,,,
221,0.553,,,,,,,174.85,0.4522,,,,,,,171.8,0.4736,,,,,,
223,0.554,,,,,,,175.54,0.4522,,,,,,,172.38,0.4746,,,,,,
224,0.554,,,,,,,175.54,0.4522,,,,,,,173.16,0.4746,,,,,,
228,0.555,,,,,,,176.09,0.4525,,,,,,,176.61,0.4763,,,,,,
236,0.571,,,,,,,176.17,0.4525,,,,,,,177.44,0.4763,,,,,,
239,0.571,,,,,,,176.8,0.4547,,,,,,,177.85,0.4773,,,,,,
241,0.571,,,,,,,177.14,0.455,,,,,,,177.85,0.4773,,,,,,
241,0.572,,,,,,,179.75,0.4634,,,,,,,178.54,0.4773,,,,,,
242,0.572,,,,,,,180.63,0.4638,,,,,,,179.47,0.4773,,,,,,
243,0.572,,,,,,,181.22,0.4641,,,,,,,179.63,0.479,,,,,,
243,0.572,,,,,,,181.37,0.4641,,,,,,,181.18,0.4821,,,,,,
243,0.571,,,,,,,181.54,0.4641,,,,,,,183.17,0.4876,,,,,,
246,0.571,,,,,,,181.93,0.4641,,,,,,,183.3,0.4884,,,,,,
246,0.571,,,,,,,182.22,0.4642,,,,,,,183.47,0.4884,,,,,,
247,0.571,,,,,,,182.73,0.4648,,,,,,,185.57,0.4913,,,,,,
248,0.571,,,,,,,183,0.4648,,,,,,,186.43,0.493,,,,,,
248,0.571,,,,,,,183.6,0.4648,,,,,,,187.01,0.4931,,,,,,
249,0.571,,,,,,,184.17,0.4652,,,,,,,187.54,0.4951,,,,,,
249,0.571,,,,,,,184.83,0.4652,,,,,,,188.56,0.4951,,,,,,
250,0.573,,,,,,,184.94,0.4652,,,,,,,189.25,0.4958,,,,,,
250,0.573,,,,,,,188.08,0.4717,,,,,,,190.09,0.4971,,,,,,
250,0.573,,,,,,,189.67,0.4744,,,,,,,191.07,0.4984,,,,,,
251,0.574,,,,,,,190.06,0.4749,,,,,,,191.64,0.4984,,,,,,
252,0.574,,,,,,,190.49,0.4749,,,,,,,193.86,0.4991,,,,,,
253,0.574,,,,,,,191.46,0.4758,,,,,,,194.6,0.5011,,,,,,
254,0.574,,,,,,,192.06,0.4758,,,,,,,194.73,0.5013,,,,,,
254,0.574,,,,,,,195.63,0.4779,,,,,,,195.72,0.5024,,,,,,
256,0.574,,,,,,,196.32,0.4781,,,,,,,196.28,0.5024,,,,,,
256,0.574,,,,,,,199.18,0.4799,,,,,,,196.77,0.5029,,,,,,
256,0.574,,,,,,,200.6,0.4818,,,,,,,196.94,0.5036,,,,,,
258,0.575,,,,,,,200.9,0.4819,,,,,,,197.04,0.5037,,,,,,
258,0.576,,,,,,,200.9,0.4819,,,,,,,197.29,0.5039,,,,,,
259,0.576,,,,,,,201.33,0.4835,,,,,,,197.97,0.5045,,,,,,
260,0.576,,,,,,,201.94,0.4851,,,,,,,198.59,0.5057,,,,,,
261,0.576,,,,,,,202.06,0.4851,,,,,,,199.39,0.5057,,,,,,
262,0.576,,,,,,,202.68,0.4888,,,,,,,199.5,0.5057,,,,,,
262,0.576,,,,,,,202.9,0.4888,,,,,,,199.61,0.5057,,,,,,
264,0.576,,,,,,,203.17,0.4888,,,,,,,199.79,0.5057,,,,,,
264,0.576,,,,,,,203.85,0.4888,,,,,,,201.07,0.5057,,,,,,
265,0.576,,,,,,,204.95,0.489,,,,,,,201.91,0.5057,,,,,,
265,0.576,,,,,,,205.76,0.4893,,,,,,,202.79,0.5057,,,,,,
266,0.576,,,,,,,206.97,0.4908,,,,,,,204.11,0.5069,,,,,,
266,0.576,,,,,,,207.79,0.4913,,,,,,,204.35,0.5069,,,,,,
266,0.576,,,,,,,207.8,0.4913,,,,,,,205.43,0.5069,,,,,,
266,0.576,,,,,,,208.66,0.4913,,,,,,,205.93,0.5069,,,,,,
266,0.576,,,,,,,208.67,0.4913,,,,,,,206.67,0.5069,,,,,,
267,0.576,,,,,,,208.91,0.4912,,,,,,,207.33,0.5071,,,,,,
269,0.576,,,,,,,209.01,0.4912,,,,,,,207.88,0.5071,,,,,,
269,0.577,,,,,,,209.01,0.4912,,,,,,,208.28,0.5075,,,,,,
270,0.577,,,,,,,209.56,0.4912,,,,,,,209.34,0.5075,,,,,,
270,0.579,,,,,,,210.64,0.4949,,,,,,,209.34,0.5075,,,,,,
271,0.582,,,,,,,211.15,0.4952,,,,,,,212.93,0.5104,,,,,,
271,0.582,,,,,,,211.72,0.496,,,,,,,213.84,0.5105,,,,,,
271,0.582,,,,,,,212,0.496,,,,,,,214.55,0.5115,,,,,,
272,0.582,,,,,,,212.12,0.496,,,,,,,214.55,0.5115,,,,,,
272,0.582,,,,,,,212.13,0.496,,,,,,,214.55,0.5115,,,,,,
273,0.582,,,,,,,212.98,0.4961,,,,,,,215.16,0.5115,,,,,,
273,0.582,,,,,,,213.58,0.4973,,,,,,,215.23,0.5115,,,,,,
273,0.582,,,,,,,214.11,0.498,,,,,,,215.76,0.512,,,,,,
273,0.582,,,,,,,214.23,0.498,,,,,,,216.28,0.512,,,,,,
274,0.583,,,,,,,214.57,0.498,,,,,,,216.66,0.5121,,,,,,
275,0.583,,,,,,,214.67,0.4982,,,,,,,216.79,0.5121,,,,,,
275,0.583,,,,,,,214.7,0.4985,,,,,,,217.53,0.5131,,,,,,
275,0.583,,,,,,,214.74,0.4989,,,,,,,218.16,0.513,,,,,,
275,0.583,,,,,,,215.86,0.4989,,,,,,,218.58,0.5132,,,,,,
275,0.583,,,,,,,216.59,0.4989,,,,,,,218.88,0.5132,,,,,,
278,0.588,,,,,,,216.87,0.499,,,,,,,219.46,0.5144,,,,,,
278,0.588,,,,,,,217.75,0.499,,,,,,,219.58,0.5144,,,,,,
278,0.588,,,,,,,218.64,0.5009,,,,,,,219.7,0.5144,,,,,,
278,0.588,,,,,,,219.27,0.5014,,,,,,,219.97,0.5143,,,,,,
279,0.589,,,,,,,221.47,0.5046,,,,,,,221.05,0.5152,,,,,,
279,0.589,,,,,,,222.25,0.5048,,,,,,,221.5,0.5152,,,,,,
280,0.59,,,,,,,222.7,0.5048,,,,,,,221.94,0.5155,,,,,,
280,0.59,,,,,,,223.58,0.5048,,,,,,,222.44,0.5165,,,,,,
281,0.592,,,,,,,224.47,0.5048,,,,,,,222.5,0.5165,,,,,,
282,0.592,,,,,,,225.46,0.5049,,,,,,,223,0.5165,,,,,,
282,0.594,,,,,,,227.94,0.5072,,,,,,,224.16,0.5165,,,,,,
282,0.594,,,,,,,229.18,0.5082,,,,,,,224.75,0.5165,,,,,,
284,0.595,,,,,,,230.43,0.5086,,,,,,,224.75,0.5165,,,,,,
284,0.595,,,,,,,230.6,0.5087,,,,,,,225.65,0.5165,,,,,,
284,0.595,,,,,,,231.78,0.5087,,,,,,,229.36,0.5204,,,,,,
285,0.595,,,,,,,233.22,0.5092,,,,,,,230.04,0.521,,,,,,
285,0.595,,,,,,,233.37,0.5092,,,,,,,230.54,0.5218,,,,,,
286,0.599,,,,,,,233.94,0.5098,,,,,,,231.69,0.5231,,,,,,
287,0.6,,,,,,,234.02,0.5102,,,,,,,232.13,0.5231,,,,,,
288,0.6,,,,,,,234.08,0.5102,,,,,,,233.02,0.5231,,,,,,
289,0.602,,,,,,,234.55,0.5115,,,,,,,233.65,0.5231,,,,,,
291,0.607,,,,,,,234.84,0.5123,,,,,,,233.87,0.5231,,,,,,
292,0.607,,,,,,,235.47,0.5123,,,,,,,234.03,0.5231,,,,,,
292,0.607,,,,,,,236.67,0.5132,,,,,,,234.41,0.5243,,,,,,
293,0.608,,,,,,,237.05,0.5133,,,,,,,234.76,0.5249,,,,,,
293,0.608,,,,,,,237.44,0.5133,,,,,,,235.36,0.525,,,,,,
294,0.61,,,,,,,238.62,0.5138,,,,,,,235.51,0.525,,,,,,
298,0.614,,,,,,,239.25,0.5151,,,,,,,236.26,0.5255,,,,,,
299,0.614,,,,,,,240.28,0.516,,,,,,,236.76,0.5269,,,,,,
299,0.614,,,,,,,240.89,0.516,,,,,,,237.09,0.5273,,,,,,
299,0.614,,,,,,,243.59,0.5167,,,,,,,237.25,0.5273,,,,,,
300,0.615,,,,,,,244.96,0.5183,,,,,,,239.25,0.5279,,,,,,
301,0.615,,,,,,,245.89,0.5218,,,,,,,239.34,0.5278,,,,,,
301,0.615,,,,,,,247.58,0.5242,,,,,,,239.55,0.5279,,,,,,
301,0.615,,,,,,,248,0.5244,,,,,,,241.15,0.529,,,,,,
302,0.615,,,,,,,248.31,0.5244,,,,,,,242.48,0.529,,,,,,
303,0.615,,,,,,,248.41,0.5249,,,,,,,243.61,0.5306,,,,,,
304,0.616,,,,,,,248.59,0.5249,,,,,,,244.32,0.5306,,,,,,
305,0.616,,,,,,,248.87,0.5254,,,,,,,245.07,0.5316,,,,,,
306,0.616,,,,,,,249.08,0.5254,,,,,,,245.2,0.5316,,,,,,
307,0.617,,,,,,,249.4,0.5255,,,,,,,246.02,0.5334,,,,,,
308,0.618,,,,,,,250,0.5259,,,,,,,249.8,0.5347,,,,,,
309,0.618,,,,,,,251.38,0.5271,,,,,,,250.28,0.5347,,,,,,
309,0.618,,,,,,,251.96,0.5273,,,,,,,250.9,0.5347,,,,,,
310,0.618,,,,,,,252.79,0.5273,,,,,,,251.62,0.535,,,,,,
310,0.618,,,,,,,256.07,0.5302,,,,,,,251.68,0.535,,,,,,
310,0.619,,,,,,,256.55,0.5313,,,,,,,251.97,0.5358,,,,,,
311,0.619,,,,,,,256.79,0.5318,,,,,,,252.03,0.5358,,,,,,
311,0.619,,,,,,,257.11,0.532,,,,,,,253.87,0.5373,,,,,,
311,0.619,,,,,,,257.15,0.532,,,,,,,254.24,0.5373,,,,,,
312,0.62,,,,,,,257.18,0.532,,,,,,,255.59,0.5406,,,,,,
312,0.62,,,,,,,257.74,0.5325,,,,,,,256.23,0.5406,,,,,,
314,0.626,,,,,,,258.04,0.5334,,,,,,,256.62,0.5408,,,,,,
314,0.626,,,,,,,258.37,0.5341,,,,,,,256.95,0.5408,,,,,,
315,0.626,,,,,,,258.52,0.5344,,,,,,,257.84,0.5408,,,,,,
316,0.626,,,,,,,258.81,0.5344,,,,,,,258.31,0.5408,,,,,,
316,0.626,,,,,,,259.07,0.5344,,,,,,,258.64,0.5415,,,,,,
316,0.626,,,,,,,260.31,0.5348,,,,,,,259.64,0.5415,,,,,,
317,0.626,,,,,,,260.53,0.5348,,,,,,,260.1,0.542,,,,,,
317,0.626,,,,,,,261,0.5348,,,,,,,260.25,0.542,,,,,,
317,0.626,,,,,,,261.49,0.5348,,,,,,,260.42,0.5423,,,,,,
318,0.626,,,,,,,261.91,0.5348,,,,,,,261.77,0.5425,,,,,,
319,0.626,,,,,,,263.17,0.5351,,,,,,,263.13,0.543,,,,,,
320,0.626,,,,,,,263.88,0.5363,,,,,,,264.93,0.5446,,,,,,
321,0.626,,,,,,,264.3,0.5368,,,,,,,265.55,0.5451,,,,,,
324,0.626,,,,,,,264.3,0.5368,,,,,,,265.55,0.545,,,,,,
325,0.626,,,,,,,264.45,0.5368,,,,,,,265.79,0.545,,,,,,
329,0.626,,,,,,,264.85,0.537,,,,,,,266.88,0.5454,,,,,,
330,0.626,,,,,,,265.12,0.5374,,,,,,,267.77,0.5463,,,,,,
330,0.627,,,,,,,265.32,0.5376,,,,,,,267.77,0.5463,,,,,,
331,0.627,,,,,,,265.7,0.5382,,,,,,,267.77,0.5463,,,,,,
331,0.628,,,,,,,265.99,0.5385,,,,,,,267.97,0.5463,,,,,,
332,0.628,,,,,,,266.31,0.5393,,,,,,,268.15,0.5463,,,,,,
334,0.63,,,,,,,266.4,0.5394,,,,,,,268.45,0.5462,,,,,,
335,0.63,,,,,,,266.43,0.5394,,,,,,,268.8,0.5462,,,,,,
336,0.631,,,,,,,267.46,0.5401,,,,,,,269.15,0.5462,,,,,,
337,0.631,,,,,,,267.88,0.5401,,,,,,,270.08,0.5462,,,,,,
338,0.631,,,,,,,268.16,0.5401,,,,,,,270.21,0.5462,,,,,,
340,0.632,,,,,,,268.62,0.5406,,,,,,,271.47,0.5462,,,,,,
340,0.632,,,,,,,268.94,0.5406,,,,,,,271.58,0.5462,,,,,,
340,0.632,,,,,,,269.04,0.5406,,,,,,,272.05,0.5461,,,,,,
341,0.632,,,,,,,270.15,0.5409,,,,,,,272.36,0.5461,,,,,,
341,0.632,,,,,,,270.15,0.5409,,,,,,,272.81,0.5461,,,,,,
341,0.632,,,,,,,271.18,0.5415,,,,,,,273.2,0.5461,,,,,,
342,0.632,,,,,,,271.82,0.5416,,,,,,,273.38,0.5461,,,,,,
343,0.632,,,,,,,274.25,0.543,,,,,,,273.62,0.5466,,,,,,
344,0.632,,,,,,,274.86,0.5431,,,,,,,274.23,0.5476,,,,,,
345,0.632,,,,,,,276.14,0.5432,,,,,,,274.43,0.5476,,,,,,
351,0.644,,,,,,,276.61,0.5433,,,,,,,275.34,0.5476,,,,,,
353,0.645,,,,,,,277.24,0.5445,,,,,,,275.63,0.5485,,,,,,
354,0.645,,,,,,,277.48,0.5445,,,,,,,275.77,0.5485,,,,,,
355,0.646,,,,,,,277.5,0.5445,,,,,,,275.98,0.549,,,,,,
355,0.646,,,,,,,277.74,0.5445,,,,,,,276.07,0.549,,,,,,
356,0.646,,,,,,,277.8,0.5445,,,,,,,276.23,0.5493,,,,,,
357,0.646,,,,,,,280.23,0.547,,,,,,,276.64,0.5493,,,,,,
357,0.646,,,,,,,282.85,0.5482,,,,,,,276.69,0.5493,,,,,,
358,0.646,,,,,,,283.91,0.5493,,,,,,,276.71,0.5493,,,,,,
359,0.646,,,,,,,284.09,0.5493,,,,,,,276.77,0.5493,,,,,,
360,0.646,,,,,,,284.35,0.5493,,,,,,,276.82,0.5493,,,,,,
361,0.646,,,,,,,284.41,0.5493,,,,,,,278.03,0.5498,,,,,,
362,0.646,,,,,,,285.34,0.5496,,,,,,,278.43,0.5498,,,,,,
363,0.646,,,,,,,286.62,0.5497,,,,,,,279.18,0.5497,,,,,,
365,0.646,,,,,,,287.48,0.5497,,,,,,,280.46,0.5497,,,,,,
365,0.646,,,,,,,288.07,0.5497,,,,,,,281.25,0.5497,,,,,,
365,0.646,,,,,,,288.79,0.5497,,,,,,,281.88,0.5497,,,,,,
366,0.647,,,,,,,290.54,0.5497,,,,,,,281.9,0.55,,,,,,
366,0.647,,,,,,,291.47,0.5497,,,,,,,282.3,0.5507,,,,,,
366,0.648,,,,,,,291.49,0.5497,,,,,,,283.08,0.551,,,,,,
366,0.648,,,,,,,293.94,0.5507,,,,,,,283.16,0.551,,,,,,
366,0.648,,,,,,,296.18,0.5548,,,,,,,283.69,0.5514,,,,,,
366,0.648,,,,,,,296.77,0.555,,,,,,,284.64,0.5521,,,,,,
367,0.648,,,,,,,297.69,0.5552,,,,,,,284.8,0.552,,,,,,
368,0.651,,,,,,,298.26,0.5552,,,,,,,284.95,0.5521,,,,,,
368,0.653,,,,,,,298.93,0.5554,,,,,,,286.58,0.5541,,,,,,
370,0.653,,,,,,,306.24,0.5697,,,,,,,287.23,0.5541,,,,,,
371,0.653,,,,,,,306.52,0.5705,,,,,,,287.43,0.5541,,,,,,
371,0.653,,,,,,,306.96,0.5708,,,,,,,288.23,0.5541,,,,,,
372,0.654,,,,,,,307.47,0.5708,,,,,,,289.26,0.5541,,,,,,
372,0.654,,,,,,,307.72,0.5711,,,,,,,290.4,0.5542,,,,,,
372,0.654,,,,,,,308.17,0.5712,,,,,,,290.62,0.5542,,,,,,
372,0.654,,,,,,,308.74,0.5713,,,,,,,290.94,0.5549,,,,,,
373,0.658,,,,,,,310.13,0.5716,,,,,,,291.33,0.555,,,,,,
373,0.658,,,,,,,311.1,0.5716,,,,,,,292.56,0.5551,,,,,,
373,0.658,,,,,,,312.25,0.5725,,,,,,,293.22,0.5561,,,,,,
373,0.658,,,,,,,313.52,0.5725,,,,,,,293.93,0.5561,,,,,,
374,0.658,,,,,,,313.95,0.5731,,,,,,,293.95,0.5563,,,,,,
376,0.658,,,,,,,314.32,0.5735,,,,,,,294.68,0.5563,,,,,,
376,0.658,,,,,,,314.4,0.5735,,,,,,,294.87,0.5563,,,,,,
376,0.658,,,,,,,315.87,0.5742,,,,,,,295.21,0.5563,,,,,,
376,0.658,,,,,,,317.5,0.5746,,,,,,,295.29,0.5563,,,,,,
377,0.658,,,,,,,317.67,0.5746,,,,,,,295.47,0.5563,,,,,,
378,0.658,,,,,,,318.12,0.5746,,,,,,,295.95,0.5563,,,,,,
378,0.658,,,,,,,318.16,0.5746,,,,,,,296.04,0.5573,,,,,,
379,0.658,,,,,,,318.58,0.5753,,,,,,,296.17,0.5573,,,,,,
379,0.658,,,,,,,318.93,0.5754,,,,,,,297.32,0.5573,,,,,,
380,0.658,,,,,,,319.26,0.5759,,,,,,,297.59,0.5573,,,,,,
382,0.659,,,,,,,320.04,0.576,,,,,,,298.78,0.5573,,,,,,
382,0.659,,,,,,,320.86,0.5769,,,,,,,299.2,0.5573,,,,,,
382,0.659,,,,,,,322.74,0.5821,,,,,,,300.09,0.5575,,,,,,
382,0.659,,,,,,,324.91,0.5833,,,,,,,300.59,0.5575,,,,,,
383,0.659,,,,,,,325.3,0.5834,,,,,,,301.07,0.5575,,,,,,
383,0.659,,,,,,,326.68,0.5843,,,,,,,302.5,0.5575,,,,,,
383,0.659,,,,,,,327.04,0.5847,,,,,,,304.4,0.5579,,,,,,
384,0.659,,,,,,,327.52,0.5847,,,,,,,305.51,0.558,,,,,,
384,0.659,,,,,,,328.71,0.5852,,,,,,,305.94,0.558,,,,,,
384,0.663,,,,,,,330.46,0.5857,,,,,,,306.39,0.558,,,,,,
386,0.663,,,,,,,331.13,0.5857,,,,,,,307.48,0.5589,,,,,,
387,0.663,,,,,,,331.76,0.5857,,,,,,,307.96,0.5589,,,,,,
387,0.663,,,,,,,332.47,0.5857,,,,,,,308.55,0.5589,,,,,,
388,0.663,,,,,,,334.53,0.5871,,,,,,,309.05,0.5598,,,,,,
388,0.663,,,,,,,336.94,0.5885,,,,,,,309.47,0.5598,,,,,,
389,0.663,,,,,,,339.19,0.5888,,,,,,,309.61,0.5599,,,,,,
390,0.665,,,,,,,339.38,0.5888,,,,,,,310.06,0.5601,,,,,,
391,0.665,,,,,,,339.9,0.589,,,,,,,310.48,0.5608,,,,,,
393,0.665,,,,,,,340.4,0.5894,,,,,,,311.57,0.5608,,,,,,
395,0.666,,,,,,,341.05,0.59,,,,,,,311.68,0.5608,,,,,,
396,0.666,,,,,,,341.14,0.59,,,,,,,311.82,0.5608,,,,,,
397,0.667,,,,,,,341.48,0.59,,,,,,,312.59,0.5607,,,,,,
398,0.667,,,,,,,342.67,0.5905,,,,,,,312.91,0.5609,,,,,,
398,0.667,,,,,,,343.48,0.5906,,,,,,,313.24,0.5623,,,,,,
399,0.667,,,,,,,344.76,0.5909,,,,,,,313.7,0.5632,,,,,,
402,0.668,,,,,,,345.85,0.591,,,,,,,314.89,0.5633,,,,,,
403,0.668,,,,,,,346.49,0.591,,,,,,,315.59,0.5643,,,,,,
405,0.668,,,,,,,349.9,0.5935,,,,,,,316.14,0.5648,,,,,,
406,0.668,,,,,,,350.63,0.5949,,,,,,,316.84,0.5659,,,,,,
406,0.669,,,,,,,350.92,0.5952,,,,,,,317.07,0.5659,,,,,,
407,0.669,,,,,,,351.14,0.5952,,,,,,,318.16,0.5659,,,,,,
407,0.669,,,,,,,351.22,0.5952,,,,,,,318.74,0.5659,,,,,,
408,0.669,,,,,,,351.4,0.5955,,,,,,,319.43,0.5659,,,,,,
409,0.67,,,,,,,351.51,0.5955,,,,,,,319.87,0.5659,,,,,,
409,0.67,,,,,,,352.7,0.5988,,,,,,,321.03,0.5663,,,,,,
409,0.67,,,,,,,353.33,0.5989,,,,,,,321.71,0.5664,,,,,,
410,0.671,,,,,,,353.8,0.5989,,,,,,,322.6,0.5663,,,,,,
411,0.671,,,,,,,354.05,0.599,,,,,,,323.53,0.5684,,,,,,
411,0.671,,,,,,,354.49,0.599,,,,,,,324.3,0.5693,,,,,,
412,0.671,,,,,,,355.56,0.5994,,,,,,,327.41,0.5706,,,,,,
413,0.671,,,,,,,356.01,0.5994,,,,,,,327.41,0.5706,,,,,,
414,0.671,,,,,,,356.88,0.5994,,,,,,,328.09,0.5707,,,,,,
415,0.671,,,,,,,357.97,0.5995,,,,,,,329.81,0.5721,,,,,,
415,0.671,,,,,,,358.5,0.5995,,,,,,,330.18,0.5723,,,,,,
416,0.671,,,,,,,358.99,0.5995,,,,,,,330.56,0.5734,,,,,,
418,0.671,,,,,,,360.61,0.6006,,,,,,,332.25,0.5741,,,,,,
418,0.671,,,,,,,361.49,0.6008,,,,,,,332.64,0.5741,,,,,,
420,0.671,,,,,,,362.72,0.6008,,,,,,,333.22,0.5747,,,,,,
421,0.671,,,,,,,362.75,0.6008,,,,,,,333.6,0.5747,,,,,,
429,0.675,,,,,,,362.75,0.6008,,,,,,,334.17,0.5748,,,,,,
434,0.682,,,,,,,364.19,0.602,,,,,,,334.49,0.5749,,,,,,
434,0.682,,,,,,,366.96,0.6027,,,,,,,335.32,0.5749,,,,,,
434,0.682,,,,,,,367.39,0.6027,,,,,,,335.32,0.5749,,,,,,
434,0.682,,,,,,,367.76,0.6027,,,,,,,337.74,0.5795,,,,,,
435,0.682,,,,,,,368.12,0.6028,,,,,,,337.98,0.58,,,,,,
436,0.682,,,,,,,368.81,0.6028,,,,,,,338.36,0.5806,,,,,,
436,0.682,,,,,,,369.33,0.6028,,,,,,,338.4,0.5806,,,,,,
437,0.682,,,,,,,369.33,0.6028,,,,,,,338.8,0.5806,,,,,,
437,0.682,,,,,,,369.41,0.6028,,,,,,,338.83,0.5806,,,,,,
438,0.682,,,,,,,369.84,0.6028,,,,,,,339.2,0.5806,,,,,,
439,0.682,,,,,,,370.18,0.6028,,,,,,,339.4,0.5806,,,,,,
440,0.682,,,,,,,370.53,0.6028,,,,,,,339.4,0.5806,,,,,,
442,0.683,,,,,,,370.97,0.6028,,,,,,,340.56,0.5806,,,,,,
443,0.683,,,,,,,371.49,0.6029,,,,,,,340.99,0.5806,,,,,,
444,0.683,,,,,,,371.71,0.6029,,,,,,,342.69,0.5806,,,,,,
444,0.683,,,,,,,371.82,0.603,,,,,,,342.83,0.5806,,,,,,
444,0.683,,,,,,,373.11,0.6034,,,,,,,342.94,0.5806,,,,,,
447,0.683,,,,,,,374.98,0.6035,,,,,,,344.71,0.5806,,,,,,
447,0.683,,,,,,,374.98,0.6035,,,,,,,346.39,0.5821,,,,,,
447,0.683,,,,,,,377.89,0.6042,,,,,,,347.29,0.5824,,,,,,
447,0.683,,,,,,,379.72,0.6078,,,,,,,347.87,0.5824,,,,,,
447,0.683,,,,,,,383.99,0.6112,,,,,,,348.27,0.5824,,,,,,
448,0.684,,,,,,,384.07,0.6112,,,,,,,348.27,0.5824,,,,,,
453,0.685,,,,,,,384.61,0.6112,,,,,,,348.27,0.5824,,,,,,
454,0.685,,,,,,,385.86,0.6112,,,,,,,349.25,0.5824,,,,,,
454,0.686,,,,,,,386.41,0.6112,,,,,,,349.25,0.5824,,,,,,
455,0.687,,,,,,,387.36,0.6112,,,,,,,350,0.5824,,,,,,
455,0.687,,,,,,,389.41,0.6117,,,,,,,350.01,0.5824,,,,,,
455,0.687,,,,,,,390.16,0.6117,,,,,,,351.35,0.5828,,,,,,
456,0.687,,,,,,,390.3,0.6117,,,,,,,351.76,0.5828,,,,,,
456,0.687,,,,,,,390.55,0.6117,,,,,,,352.48,0.5828,,,,,,
456,0.687,,,,,,,391.13,0.6117,,,,,,,353.06,0.5828,,,,,,
456,0.687,,,,,,,393.47,0.6131,,,,,,,353.47,0.583,,,,,,
457,0.688,,,,,,,394.14,0.6133,,,,,,,354.32,0.5845,,,,,,
458,0.688,,,,,,,395.07,0.6134,,,,,,,355.17,0.5845,,,,,,
458,0.688,,,,,,,395.41,0.6139,,,,,,,356.29,0.5861,,,,,,
459,0.688,,,,,,,395.53,0.6139,,,,,,,356.89,0.5862,,,,,,
459,0.688,,,,,,,396.6,0.6148,,,,,,,357.58,0.5863,,,,,,
460,0.688,,,,,,,397.47,0.6158,,,,,,,357.58,0.5863,,,,,,
461,0.688,,,,,,,398.01,0.6158,,,,,,,357.68,0.5863,,,,,,
462,0.69,,,,,,,399.19,0.6158,,,,,,,357.83,0.5863,,,,,,
463,0.69,,,,,,,399.49,0.6158,,,,,,,357.83,0.5863,,,,,,
465,0.691,,,,,,,401.37,0.6158,,,,,,,359.82,0.5872,,,,,,
466,0.692,,,,,,,402.01,0.6158,,,,,,,360.13,0.5872,,,,,,
467,0.692,,,,,,,403.68,0.616,,,,,,,360.33,0.5872,,,,,,
467,0.692,,,,,,,403.94,0.616,,,,,,,360.61,0.5872,,,,,,
467,0.692,,,,,,,403.97,0.6162,,,,,,,361.12,0.5872,,,,,,
467,0.692,,,,,,,404.16,0.6162,,,,,,,361.36,0.5872,,,,,,
469,0.692,,,,,,,404.43,0.6163,,,,,,,361.57,0.5874,,,,,,
470,0.692,,,,,,,404.78,0.6163,,,,,,,362.29,0.5874,,,,,,
471,0.694,,,,,,,404.81,0.6163,,,,,,,362.45,0.5874,,,,,,
471,0.694,,,,,,,405.23,0.6163,,,,,,,363.06,0.5878,,,,,,
471,0.694,,,,,,,405.75,0.6164,,,,,,,363.7,0.5883,,,,,,
471,0.694,,,,,,,406.55,0.617,,,,,,,364.06,0.5883,,,,,,
471,0.694,,,,,,,407.02,0.6171,,,,,,,364.42,0.5883,,,,,,
471,0.694,,,,,,,407.18,0.6171,,,,,,,365.07,0.5889,,,,,,
472,0.694,,,,,,,408.03,0.6171,,,,,,,368.29,0.5915,,,,,,
473,0.696,,,,,,,409.05,0.6172,,,,,,,368.29,0.5915,,,,,,
473,0.696,,,,,,,409.59,0.6174,,,,,,,368.83,0.592,,,,,,
474,0.696,,,,,,,410.09,0.6174,,,,,,,368.98,0.592,,,,,,
474,0.696,,,,,,,410.34,0.6177,,,,,,,369.41,0.5922,,,,,,
475,0.696,,,,,,,410.55,0.6177,,,,,,,369.73,0.5922,,,,,,
475,0.696,,,,,,,410.73,0.6177,,,,,,,371.07,0.5934,,,,,,
475,0.697,,,,,,,410.89,0.6177,,,,,,,371.07,0.5934,,,,,,
476,0.698,,,,,,,411.39,0.6177,,,,,,,372.27,0.5937,,,,,,
478,0.702,,,,,,,411.94,0.6179,,,,,,,373.15,0.5938,,,,,,
478,0.702,,,,,,,412.47,0.6179,,,,,,,373.73,0.5946,,,,,,
479,0.706,,,,,,,412.69,0.618,,,,,,,373.86,0.5946,,,,,,
479,0.706,,,,,,,413.11,0.6182,,,,,,,373.9,0.5946,,,,,,
480,0.706,,,,,,,415.53,0.6202,,,,,,,374.31,0.597,,,,,,
480,0.706,,,,,,,416.19,0.6202,,,,,,,374.51,0.597,,,,,,
480,0.706,,,,,,,418.81,0.6213,,,,,,,374.62,0.597,,,,,,
480,0.706,,,,,,,419.05,0.6214,,,,,,,374.73,0.597,,,,,,
481,0.706,,,,,,,419.4,0.6215,,,,,,,375.48,0.597,,,,,,
481,0.706,,,,,,,420.7,0.6215,,,,,,,376.25,0.597,,,,,,
481,0.706,,,,,,,421.05,0.6215,,,,,,,377.69,0.597,,,,,,
481,0.706,,,,,,,421.92,0.622,,,,,,,378.81,0.597,,,,,,
484,0.706,,,,,,,422.32,0.622,,,,,,,379.1,0.597,,,,,,
486,0.706,,,,,,,423.94,0.622,,,,,,,379.17,0.597,,,,,,
487,0.707,,,,,,,424.49,0.6227,,,,,,,379.48,0.597,,,,,,
487,0.707,,,,,,,425.72,0.6227,,,,,,,385.54,0.6104,,,,,,
488,0.707,,,,,,,426.43,0.6231,,,,,,,385.94,0.6114,,,,,,
488,0.707,,,,,,,426.51,0.6231,,,,,,,385.94,0.6114,,,,,,
488,0.707,,,,,,,428.42,0.6231,,,,,,,385.94,0.6114,,,,,,
489,0.707,,,,,,,430.37,0.6243,,,,,,,387.44,0.6147,,,,,,
489,0.707,,,,,,,432.25,0.6248,,,,,,,387.63,0.6148,,,,,,
490,0.707,,,,,,,432.48,0.6248,,,,,,,388.41,0.6148,,,,,,
491,0.707,,,,,,,432.62,0.6248,,,,,,,389.24,0.6148,,,,,,
491,0.707,,,,,,,432.88,0.6248,,,,,,,389.61,0.6148,,,,,,
492,0.707,,,,,,,433.02,0.6248,,,,,,,390.94,0.6153,,,,,,
493,0.707,,,,,,,433.66,0.6248,,,,,,,392.94,0.6157,,,,,,
493,0.707,,,,,,,435.31,0.6248,,,,,,,394.48,0.6157,,,,,,
493,0.707,,,,,,,436.68,0.6248,,,,,,,395.03,0.6161,,,,,,
493,0.707,,,,,,,437.79,0.6248,,,,,,,395.84,0.617,,,,,,
496,0.709,,,,,,,438.94,0.6248,,,,,,,396.51,0.6177,,,,,,
496,0.711,,,,,,,440.01,0.6249,,,,,,,396.74,0.6189,,,,,,
497,0.711,,,,,,,440.22,0.625,,,,,,,396.88,0.6189,,,,,,
497,0.711,,,,,,,441.32,0.625,,,,,,,397.06,0.6189,,,,,,
498,0.711,,,,,,,442.38,0.6252,,,,,,,397.5,0.6189,,,,,,
498,0.711,,,,,,,444.75,0.6261,,,,,,,397.81,0.6189,,,,,,
499,0.711,,,,,,,445.03,0.6262,,,,,,,398.2,0.6201,,,,,,
499,0.711,,,,,,,445.59,0.6262,,,,,,,399.54,0.6201,,,,,,
501,0.711,,,,,,,446.15,0.6262,,,,,,,400.04,0.6201,,,,,,
502,0.711,,,,,,,447.8,0.6273,,,,,,,400.66,0.6201,,,,,,
503,0.711,,,,,,,448.21,0.6273,,,,,,,401.58,0.6201,,,,,,
504,0.711,,,,,,,448.22,0.6273,,,,,,,402.12,0.6201,,,,,,
505,0.711,,,,,,,448.35,0.6275,,,,,,,403.6,0.6203,,,,,,
507,0.711,,,,,,,448.49,0.6275,,,,,,,403.6,0.6203,,,,,,
508,0.711,,,,,,,448.84,0.6275,,,,,,,404.15,0.6203,,,,,,
510,0.711,,,,,,,448.85,0.6275,,,,,,,404.35,0.6203,,,,,,
511,0.711,,,,,,,448.99,0.6275,,,,,,,405.19,0.6203,,,,,,
512,0.711,,,,,,,449,0.6275,,,,,,,406.63,0.6203,,,,,,
513,0.711,,,,,,,449.07,0.6275,,,,,,,408.21,0.6204,,,,,,
515,0.711,,,,,,,449.36,0.6275,,,,,,,408.59,0.6205,,,,,,
515,0.711,,,,,,,450.56,0.6275,,,,,,,408.91,0.6205,,,,,,
517,0.711,,,,,,,450.57,0.6275,,,,,,,408.99,0.6205,,,,,,
517,0.711,,,,,,,451.63,0.6277,,,,,,,409.51,0.6205,,,,,,
518,0.711,,,,,,,452.33,0.6277,,,,,,,409.78,0.6232,,,,,,
518,0.711,,,,,,,452.67,0.6287,,,,,,,409.9,0.6232,,,,,,
519,0.711,,,,,,,452.74,0.6287,,,,,,,410.19,0.6232,,,,,,
520,0.711,,,,,,,452.86,0.6287,,,,,,,410.79,0.6232,,,,,,
521,0.715,,,,,,,454.01,0.6292,,,,,,,411.2,0.6237,,,,,,
521,0.715,,,,,,,454.17,0.6292,,,,,,,411.3,0.6237,,,,,,
521,0.715,,,,,,,454.38,0.6296,,,,,,,411.9,0.6239,,,,,,
521,0.715,,,,,,,454.7,0.6296,,,,,,,412.82,0.6239,,,,,,
522,0.715,,,,,,,455.09,0.6296,,,,,,,413.09,0.6239,,,,,,
522,0.715,,,,,,,455.39,0.6299,,,,,,,413.67,0.6239,,,,,,
523,0.715,,,,,,,455.65,0.6299,,,,,,,414,0.6239,,,,,,
524,0.715,,,,,,,456.14,0.6299,,,,,,,414.07,0.6239,,,,,,
525,0.715,,,,,,,456.61,0.6299,,,,,,,414.22,0.6239,,,,,,
525,0.715,,,,,,,457.25,0.6299,,,,,,,414.47,0.624,,,,,,
526,0.715,,,,,,,457.35,0.6299,,,,,,,414.86,0.624,,,,,,
528,0.715,,,,,,,457.65,0.6299,,,,,,,414.87,0.624,,,,,,
529,0.715,,,,,,,457.85,0.6306,,,,,,,414.87,0.624,,,,,,
530,0.715,,,,,,,458.55,0.631,,,,,,,415.28,0.624,,,,,,
532,0.715,,,,,,,459.84,0.631,,,,,,,415.65,0.624,,,,,,
533,0.715,,,,,,,459.84,0.631,,,,,,,416.03,0.6245,,,,,,
535,0.715,,,,,,,460.08,0.6312,,,,,,,417.58,0.6245,,,,,,
536,0.715,,,,,,,460.24,0.6312,,,,,,,417.98,0.625,,,,,,
537,0.715,,,,,,,460.57,0.6318,,,,,,,418.23,0.6251,,,,,,
537,0.715,,,,,,,461.06,0.6318,,,,,,,418.46,0.6251,,,,,,
537,0.715,,,,,,,461.68,0.6318,,,,,,,419.93,0.6257,,,,,,
538,0.715,,,,,,,462.31,0.6318,,,,,,,420.15,0.6263,,,,,,
539,0.715,,,,,,,462.6,0.6318,,,,,,,420.36,0.6268,,,,,,
540,0.715,,,,,,,463.11,0.6318,,,,,,,420.87,0.6272,,,,,,
541,0.715,,,,,,,464.86,0.6319,,,,,,,421.46,0.6273,,,,,,
544,0.716,,,,,,,465.51,0.6319,,,,,,,421.98,0.6273,,,,,,
544,0.716,,,,,,,465.58,0.6319,,,,,,,422.16,0.6274,,,,,,
550,0.716,,,,,,,465.64,0.6319,,,,,,,422.65,0.6274,,,,,,
553,0.717,,,,,,,466.2,0.6319,,,,,,,422.85,0.6274,,,,,,
553,0.717,,,,,,,466.69,0.6319,,,,,,,423.01,0.6274,,,,,,
554,0.717,,,,,,,467.12,0.6322,,,,,,,423.18,0.6274,,,,,,
554,0.717,,,,,,,467.15,0.6322,,,,,,,423.2,0.6275,,,,,,
555,0.717,,,,,,,467.17,0.6323,,,,,,,425.11,0.6295,,,,,,
557,0.717,,,,,,,467.24,0.6324,,,,,,,425.44,0.6295,,,,,,
558,0.717,,,,,,,468.02,0.6324,,,,,,,425.78,0.6295,,,,,,
559,0.718,,,,,,,468.05,0.6324,,,,,,,425.84,0.6295,,,,,,
559,0.718,,,,,,,468.15,0.6324,,,,,,,426.15,0.6295,,,,,,
560,0.718,,,,,,,468.28,0.6324,,,,,,,426.29,0.6297,,,,,,
561,0.718,,,,,,,468.63,0.6324,,,,,,,426.29,0.6298,,,,,,
561,0.718,,,,,,,469.19,0.6324,,,,,,,426.78,0.6298,,,,,,
561,0.718,,,,,,,469.71,0.6324,,,,,,,426.78,0.6298,,,,,,
561,0.718,,,,,,,471.14,0.6328,,,,,,,427.05,0.6298,,,,,,
561,0.718,,,,,,,472.39,0.6328,,,,,,,428.69,0.6298,,,,,,
562,0.718,,,,,,,472.39,0.6328,,,,,,,429.54,0.6298,,,,,,
563,0.718,,,,,,,472.39,0.6328,,,,,,,429.97,0.6298,,,,,,
563,0.718,,,,,,,472.51,0.6329,,,,,,,430.81,0.6299,,,,,,
565,0.718,,,,,,,472.64,0.6329,,,,,,,431.64,0.6299,,,,,,
566,0.718,,,,,,,472.94,0.6329,,,,,,,432.74,0.6299,,,,,,
567,0.718,,,,,,,476.1,0.6333,,,,,,,433.37,0.6307,,,,,,
568,0.718,,,,,,,476.16,0.6333,,,,,,,434.02,0.6307,,,,,,
570,0.718,,,,,,,476.57,0.6337,,,,,,,434.64,0.6307,,,,,,
571,0.718,,,,,,,476.99,0.6337,,,,,,,435.32,0.6307,,,,,,
573,0.718,,,,,,,477.14,0.6337,,,,,,,435.32,0.6307,,,,,,
573,0.718,,,,,,,477.69,0.6339,,,,,,,436.87,0.6307,,,,,,
573,0.718,,,,,,,478.54,0.6343,,,,,,,438,0.6307,,,,,,
574,0.718,,,,,,,478.97,0.6344,,,,,,,438,0.6307,,,,,,
574,0.718,,,,,,,479.62,0.6344,,,,,,,439.07,0.6317,,,,,,
575,0.718,,,,,,,480.21,0.6344,,,,,,,439.07,0.6317,,,,,,
576,0.72,,,,,,,480.86,0.6344,,,,,,,440.25,0.6321,,,,,,
576,0.72,,,,,,,481.86,0.6345,,,,,,,441.06,0.6325,,,,,,
576,0.72,,,,,,,483.05,0.6345,,,,,,,441.57,0.6325,,,,,,
576,0.72,,,,,,,483.75,0.6348,,,,,,,443.84,0.6358,,,,,,
578,0.72,,,,,,,484.87,0.6349,,,,,,,444.18,0.6363,,,,,,
578,0.72,,,,,,,485.35,0.636,,,,,,,444.44,0.6363,,,,,,
578,0.72,,,,,,,485.59,0.636,,,,,,,444.9,0.6369,,,,,,
580,0.72,,,,,,,486.2,0.636,,,,,,,446.72,0.6369,,,,,,
580,0.72,,,,,,,486.42,0.636,,,,,,,446.73,0.637,,,,,,
584,0.72,,,,,,,486.82,0.636,,,,,,,447.11,0.637,,,,,,
585,0.72,,,,,,,487.02,0.6364,,,,,,,447.19,0.637,,,,,,
585,0.72,,,,,,,487.33,0.6372,,,,,,,448.52,0.6371,,,,,,
586,0.72,,,,,,,487.66,0.6372,,,,,,,449.08,0.6372,,,,,,
586,0.72,,,,,,,487.87,0.6372,,,,,,,449.47,0.6373,,,,,,
586,0.72,,,,,,,488.42,0.6383,,,,,,,450.45,0.6373,,,,,,
588,0.72,,,,,,,488.66,0.6388,,,,,,,450.78,0.6373,,,,,,
589,0.72,,,,,,,488.84,0.6388,,,,,,,451.25,0.6373,,,,,,
589,0.72,,,,,,,489.82,0.6388,,,,,,,451.68,0.6373,,,,,,
590,0.72,,,,,,,491.57,0.6394,,,,,,,451.76,0.6373,,,,,,
590,0.72,,,,,,,492.69,0.6394,,,,,,,451.95,0.6373,,,,,,
591,0.72,,,,,,,494.35,0.6394,,,,,,,451.95,0.6373,,,,,,
591,0.72,,,,,,,494.4,0.6394,,,,,,,454.07,0.638,,,,,,
591,0.72,,,,,,,495.11,0.6395,,,,,,,456.69,0.6383,,,,,,
592,0.72,,,,,,,496.94,0.6395,,,,,,,456.73,0.6383,,,,,,
592,0.72,,,,,,,497,0.6395,,,,,,,457.38,0.6383,,,,,,
592,0.72,,,,,,,497.29,0.6396,,,,,,,460.12,0.6389,,,,,,
593,0.72,,,,,,,497.74,0.6397,,,,,,,461.63,0.64,,,,,,
594,0.72,,,,,,,498.75,0.6403,,,,,,,462.66,0.64,,,,,,
595,0.72,,,,,,,500.63,0.641,,,,,,,463.37,0.64,,,,,,
595,0.72,,,,,,,500.85,0.641,,,,,,,463.76,0.6401,,,,,,
595,0.72,,,,,,,502.81,0.6413,,,,,,,463.91,0.6406,,,,,,
595,0.72,,,,,,,504.49,0.6426,,,,,,,463.98,0.6406,,,,,,
596,0.72,,,,,,,504.71,0.6426,,,,,,,465.41,0.6406,,,,,,
596,0.72,,,,,,,504.99,0.6426,,,,,,,466.5,0.6406,,,,,,
596,0.72,,,,,,,505.1,0.6426,,,,,,,466.86,0.6406,,,,,,
596,0.72,,,,,,,505.26,0.6426,,,,,,,467.48,0.6406,,,,,,
596,0.72,,,,,,,505.69,0.6432,,,,,,,468.32,0.6406,,,,,,
596,0.72,,,,,,,505.86,0.6432,,,,,,,469.07,0.6406,,,,,,
597,0.72,,,,,,,506.58,0.6432,,,,,,,469.53,0.6409,,,,,,
597,0.72,,,,,,,506.67,0.6432,,,,,,,470.74,0.6409,,,,,,
597,0.72,,,,,,,507.22,0.6432,,,,,,,471.33,0.641,,,,,,
597,0.72,,,,,,,507.3,0.6432,,,,,,,471.34,0.641,,,,,,
598,0.72,,,,,,,508.81,0.6431,,,,,,,471.34,0.641,,,,,,
598,0.72,,,,,,,509.13,0.6431,,,,,,,472.03,0.641,,,,,,
598,0.72,,,,,,,509.85,0.6449,,,,,,,475.14,0.641,,,,,,
599,0.72,,,,,,,511.02,0.6449,,,,,,,475.2,0.641,,,,,,
602,0.723,,,,,,,511.34,0.6449,,,,,,,475.2,0.641,,,,,,
602,0.723,,,,,,,511.51,0.6449,,,,,,,476.08,0.6418,,,,,,
602,0.723,,,,,,,512.6,0.6449,,,,,,,478.97,0.643,,,,,,
602,0.723,,,,,,,513.53,0.6449,,,,,,,479.82,0.6433,,,,,,
604,0.723,,,,,,,514.44,0.6449,,,,,,,480.72,0.6433,,,,,,
605,0.723,,,,,,,514.93,0.6449,,,,,,,483.35,0.6436,,,,,,
605,0.723,,,,,,,515.51,0.6448,,,,,,,483.98,0.6437,,,,,,
605,0.723,,,,,,,516.35,0.6448,,,,,,,484.11,0.6437,,,,,,
605,0.723,,,,,,,516.6,0.6448,,,,,,,484.52,0.6437,,,,,,
606,0.725,,,,,,,517.28,0.6448,,,,,,,484.79,0.6437,,,,,,
607,0.725,,,,,,,518.01,0.6448,,,,,,,485.41,0.6437,,,,,,
608,0.725,,,,,,,518.29,0.6448,,,,,,,485.88,0.6437,,,,,,
612,0.734,,,,,,,519.03,0.6448,,,,,,,486.37,0.6438,,,,,,
612,0.734,,,,,,,519.24,0.6449,,,,,,,486.4,0.6438,,,,,,
613,0.734,,,,,,,519.88,0.6453,,,,,,,486.65,0.6438,,,,,,
613,0.734,,,,,,,520.33,0.6453,,,,,,,487.22,0.6438,,,,,,
613,0.734,,,,,,,520.77,0.6453,,,,,,,487.78,0.6438,,,,,,
614,0.734,,,,,,,521.29,0.6458,,,,,,,488.19,0.6438,,,,,,
614,0.734,,,,,,,521.71,0.646,,,,,,,488.64,0.6438,,,,,,
614,0.734,,,,,,,522.11,0.646,,,,,,,488.99,0.6438,,,,,,
614,0.734,,,,,,,522.11,0.646,,,,,,,490.34,0.644,,,,,,
614,0.734,,,,,,,522.26,0.646,,,,,,,491.63,0.6452,,,,,,
617,0.734,,,,,,,523.04,0.646,,,,,,,491.75,0.6452,,,,,,
617,0.734,,,,,,,523.86,0.646,,,,,,,493.58,0.6454,,,,,,
617,0.734,,,,,,,524.93,0.6468,,,,,,,494.79,0.646,,,,,,
618,0.734,,,,,,,525.18,0.6468,,,,,,,494.83,0.646,,,,,,
618,0.735,,,,,,,526.02,0.6468,,,,,,,494.98,0.646,,,,,,
621,0.735,,,,,,,526.57,0.6468,,,,,,,495.33,0.646,,,,,,
621,0.735,,,,,,,526.93,0.6468,,,,,,,495.7,0.6462,,,,,,
627,0.735,,,,,,,528.43,0.647,,,,,,,495.71,0.6462,,,,,,
627,0.735,,,,,,,529.55,0.6471,,,,,,,496.28,0.6463,,,,,,
632,0.735,,,,,,,529.92,0.647,,,,,,,496.29,0.6463,,,,,,
632,0.735,,,,,,,530.19,0.647,,,,,,,496.49,0.6463,,,,,,
633,0.738,,,,,,,530.93,0.647,,,,,,,496.85,0.6473,,,,,,
634,0.738,,,,,,,531.11,0.647,,,,,,,497.2,0.6473,,,,,,
634,0.738,,,,,,,531.81,0.6471,,,,,,,498.08,0.6475,,,,,,
634,0.738,,,,,,,532.37,0.6472,,,,,,,499.73,0.6481,,,,,,
635,0.738,,,,,,,532.92,0.6472,,,,,,,499.98,0.6481,,,,,,
636,0.739,,,,,,,534.22,0.6472,,,,,,,502.66,0.6502,,,,,,
637,0.739,,,,,,,534.83,0.6472,,,,,,,503.53,0.6502,,,,,,
637,0.739,,,,,,,537.68,0.6474,,,,,,,503.53,0.6502,,,,,,
638,0.739,,,,,,,537.76,0.6474,,,,,,,503.69,0.6502,,,,,,
638,0.739,,,,,,,538.49,0.6475,,,,,,,503.93,0.6502,,,,,,
638,0.739,,,,,,,538.61,0.6476,,,,,,,504.33,0.6502,,,,,,
638,0.739,,,,,,,538.73,0.6476,,,,,,,504.8,0.6503,,,,,,
640,0.739,,,,,,,539.15,0.6478,,,,,,,505.27,0.6503,,,,,,
641,0.739,,,,,,,539.31,0.6478,,,,,,,505.84,0.6503,,,,,,
644,0.739,,,,,,,541.07,0.6498,,,,,,,506.33,0.6503,,,,,,
651,0.741,,,,,,,541.96,0.6498,,,,,,,507.76,0.6513,,,,,,
652,0.741,,,,,,,542.04,0.6497,,,,,,,508.48,0.6514,,,,,,
652,0.741,,,,,,,542.57,0.6524,,,,,,,509.33,0.6514,,,,,,
661,0.746,,,,,,,543.17,0.6525,,,,,,,510.68,0.6514,,,,,,
662,0.746,,,,,,,543.39,0.6534,,,,,,,511.38,0.6519,,,,,,
665,0.746,,,,,,,543.78,0.6534,,,,,,,512.18,0.6519,,,,,,
665,0.746,,,,,,,543.93,0.6534,,,,,,,512.98,0.6519,,,,,,
665,0.746,,,,,,,544.66,0.6536,,,,,,,513.77,0.6519,,,,,,
665,0.746,,,,,,,545.28,0.6536,,,,,,,514.64,0.6522,,,,,,
667,0.746,,,,,,,545.96,0.6536,,,,,,,515.59,0.6525,,,,,,
668,0.746,,,,,,,546.41,0.6536,,,,,,,515.63,0.6525,,,,,,
669,0.746,,,,,,,547.44,0.6536,,,,,,,516.5,0.6526,,,,,,
670,0.746,,,,,,,548.5,0.6536,,,,,,,517.81,0.6526,,,,,,
672,0.746,,,,,,,549.49,0.6535,,,,,,,518.53,0.6526,,,,,,
673,0.746,,,,,,,550.37,0.6535,,,,,,,519.24,0.6526,,,,,,
674,0.746,,,,,,,550.39,0.6535,,,,,,,519.83,0.6527,,,,,,
675,0.747,,,,,,,551.2,0.6535,,,,,,,519.89,0.6527,,,,,,
676,0.747,,,,,,,551.74,0.6535,,,,,,,520.09,0.6538,,,,,,
677,0.748,,,,,,,552.08,0.6535,,,,,,,520.29,0.6538,,,,,,
677,0.748,,,,,,,552.77,0.6536,,,,,,,520.69,0.6539,,,,,,
677,0.748,,,,,,,552.77,0.6536,,,,,,,520.85,0.654,,,,,,
677,0.749,,,,,,,553.79,0.6541,,,,,,,521.28,0.6549,,,,,,
678,0.749,,,,,,,553.95,0.6541,,,,,,,521.43,0.6549,,,,,,
679,0.749,,,,,,,554.11,0.6541,,,,,,,521.97,0.6549,,,,,,
679,0.749,,,,,,,554.4,0.6542,,,,,,,523.19,0.6567,,,,,,
679,0.749,,,,,,,554.41,0.6542,,,,,,,523.51,0.6567,,,,,,
679,0.749,,,,,,,554.87,0.6546,,,,,,,523.73,0.6567,,,,,,
680,0.75,,,,,,,555.23,0.6546,,,,,,,524.27,0.657,,,,,,
681,0.75,,,,,,,555.57,0.6546,,,,,,,524.58,0.657,,,,,,
681,0.75,,,,,,,556.3,0.6546,,,,,,,524.97,0.657,,,,,,
681,0.75,,,,,,,556.51,0.6546,,,,,,,525.32,0.657,,,,,,
682,0.75,,,,,,,559.15,0.6566,,,,,,,527.16,0.6571,,,,,,
682,0.75,,,,,,,559.59,0.6566,,,,,,,527.54,0.6571,,,,,,
682,0.75,,,,,,,559.79,0.657,,,,,,,527.86,0.6571,,,,,,
683,0.75,,,,,,,559.93,0.6571,,,,,,,530.45,0.6571,,,,,,
683,0.75,,,,,,,560.57,0.6571,,,,,,,531.34,0.6571,,,,,,
683,0.751,,,,,,,561.2,0.6571,,,,,,,532.14,0.658,,,,,,
683,0.751,,,,,,,562,0.6571,,,,,,,532.2,0.658,,,,,,
683,0.751,,,,,,,562.4,0.6571,,,,,,,533.62,0.658,,,,,,
685,0.751,,,,,,,563.51,0.6571,,,,,,,533.62,0.658,,,,,,
687,0.751,,,,,,,564.35,0.6571,,,,,,,533.62,0.658,,,,,,
687,0.751,,,,,,,564.88,0.6571,,,,,,,533.89,0.658,,,,,,
689,0.751,,,,,,,564.88,0.6571,,,,,,,534.38,0.6582,,,,,,
689,0.751,,,,,,,565.6,0.6571,,,,,,,534.99,0.6582,,,,,,
690,0.751,,,,,,,566.75,0.6571,,,,,,,535.41,0.6582,,,,,,
690,0.751,,,,,,,567.01,0.6571,,,,,,,536.16,0.6582,,,,,,
692,0.751,,,,,,,567.92,0.6578,,,,,,,536.76,0.6582,,,,,,
692,0.753,,,,,,,567.92,0.6578,,,,,,,537.31,0.6582,,,,,,
693,0.754,,,,,,,568.52,0.658,,,,,,,537.54,0.6584,,,,,,
694,0.754,,,,,,,569.33,0.658,,,,,,,538.5,0.659,,,,,,
702,0.764,,,,,,,570.32,0.658,,,,,,,539.36,0.659,,,,,,
702,0.764,,,,,,,571.93,0.658,,,,,,,539.38,0.659,,,,,,
702,0.764,,,,,,,572.19,0.6592,,,,,,,539.6,0.6591,,,,,,
703,0.764,,,,,,,572.57,0.6592,,,,,,,539.61,0.6591,,,,,,
703,0.764,,,,,,,572.61,0.6592,,,,,,,539.98,0.6591,,,,,,
703,0.764,,,,,,,572.9,0.6592,,,,,,,540.04,0.6591,,,,,,
703,0.764,,,,,,,573.97,0.6592,,,,,,,543.14,0.6602,,,,,,
704,0.764,,,,,,,574.77,0.6592,,,,,,,543.57,0.6602,,,,,,
705,0.764,,,,,,,576.13,0.6592,,,,,,,543.62,0.6602,,,,,,
705,0.764,,,,,,,577.2,0.6592,,,,,,,543.95,0.6602,,,,,,
709,0.764,,,,,,,577.95,0.6592,,,,,,,544.11,0.6602,,,,,,
709,0.764,,,,,,,578.6,0.6593,,,,,,,544.56,0.6602,,,,,,
712,0.764,,,,,,,579.75,0.6596,,,,,,,544.62,0.6602,,,,,,
712,0.764,,,,,,,580.33,0.6598,,,,,,,545.01,0.6602,,,,,,
712,0.764,,,,,,,580.51,0.6598,,,,,,,545.01,0.6602,,,,,,
712,0.764,,,,,,,580.83,0.6598,,,,,,,545.88,0.6602,,,,,,
713,0.764,,,,,,,580.88,0.6598,,,,,,,546.36,0.6602,,,,,,
716,0.764,,,,,,,582.53,0.6602,,,,,,,546.38,0.6602,,,,,,
716,0.764,,,,,,,582.66,0.6602,,,,,,,546.54,0.6602,,,,,,
716,0.764,,,,,,,582.71,0.6602,,,,,,,547.96,0.6602,,,,,,
718,0.764,,,,,,,582.89,0.6601,,,,,,,549.48,0.6602,,,,,,
718,0.764,,,,,,,583.17,0.6601,,,,,,,549.89,0.6602,,,,,,
721,0.766,,,,,,,583.58,0.6601,,,,,,,552.01,0.6602,,,,,,
722,0.766,,,,,,,583.84,0.6602,,,,,,,552.61,0.6602,,,,,,
723,0.766,,,,,,,590.44,0.6708,,,,,,,556.57,0.6645,,,,,,
723,0.766,,,,,,,590.82,0.6708,,,,,,,556.57,0.6645,,,,,,
727,0.766,,,,,,,591.25,0.6709,,,,,,,556.73,0.6645,,,,,,
729,0.766,,,,,,,591.34,0.6709,,,,,,,557.88,0.6648,,,,,,
729,0.766,,,,,,,592.24,0.6709,,,,,,,558.94,0.6652,,,,,,
729,0.766,,,,,,,593.44,0.6709,,,,,,,559.01,0.666,,,,,,
729,0.766,,,,,,,593.52,0.6709,,,,,,,559.58,0.666,,,,,,
730,0.766,,,,,,,593.6,0.6709,,,,,,,560.13,0.666,,,,,,
732,0.766,,,,,,,593.82,0.6709,,,,,,,560.4,0.666,,,,,,
733,0.766,,,,,,,593.86,0.6709,,,,,,,561.15,0.666,,,,,,
734,0.766,,,,,,,594.18,0.6709,,,,,,,561.38,0.666,,,,,,
734,0.766,,,,,,,594.99,0.671,,,,,,,562.01,0.666,,,,,,
734,0.766,,,,,,,595.24,0.671,,,,,,,563.41,0.666,,,,,,
735,0.766,,,,,,,595.88,0.671,,,,,,,563.87,0.666,,,,,,
736,0.766,,,,,,,596.63,0.671,,,,,,,565.22,0.666,,,,,,
736,0.766,,,,,,,597.66,0.6711,,,,,,,565.37,0.666,,,,,,
736,0.766,,,,,,,597.8,0.6711,,,,,,,567.55,0.6661,,,,,,
739,0.767,,,,,,,598.67,0.6711,,,,,,,569.84,0.6661,,,,,,
740,0.767,,,,,,,599.72,0.6711,,,,,,,570.53,0.6661,,,,,,
741,0.767,,,,,,,600.71,0.6711,,,,,,,570.85,0.6661,,,,,,
742,0.767,,,,,,,602.17,0.6711,,,,,,,571.59,0.6666,,,,,,
753,0.774,,,,,,,603.54,0.6711,,,,,,,572.94,0.6666,,,,,,
753,0.774,,,,,,,603.55,0.6711,,,,,,,573.71,0.6666,,,,,,
754,0.774,,,,,,,603.7,0.6711,,,,,,,575.08,0.6667,,,,,,
754,0.774,,,,,,,603.7,0.6711,,,,,,,575.08,0.6667,,,,,,
760,0.778,,,,,,,604.01,0.6727,,,,,,,576.18,0.6667,,,,,,
761,0.781,,,,,,,604.01,0.6727,,,,,,,576.35,0.6667,,,,,,
770,0.783,,,,,,,604.06,0.6727,,,,,,,576.36,0.6668,,,,,,
770,0.783,,,,,,,604.14,0.6728,,,,,,,578.78,0.6668,,,,,,
770,0.783,,,,,,,605.21,0.6728,,,,,,,578.78,0.6668,,,,,,
772,0.784,,,,,,,606.3,0.6729,,,,,,,578.78,0.6668,,,,,,
773,0.784,,,,,,,607.38,0.6729,,,,,,,579.47,0.6668,,,,,,
775,0.784,,,,,,,607.48,0.6729,,,,,,,579.47,0.6668,,,,,,
777,0.784,,,,,,,607.57,0.6729,,,,,,,580.52,0.6671,,,,,,
777,0.784,,,,,,,607.88,0.6729,,,,,,,580.9,0.6671,,,,,,
777,0.784,,,,,,,609.31,0.6729,,,,,,,582.25,0.6671,,,,,,
777,0.784,,,,,,,610.59,0.6734,,,,,,,582.99,0.6671,,,,,,
779,0.784,,,,,,,611.7,0.6734,,,,,,,583.28,0.6672,,,,,,
779,0.784,,,,,,,612.93,0.6742,,,,,,,583.48,0.6673,,,,,,
779,0.784,,,,,,,613.39,0.6742,,,,,,,583.68,0.6673,,,,,,
781,0.784,,,,,,,615.09,0.6747,,,,,,,584.71,0.6673,,,,,,
781,0.784,,,,,,,615.1,0.6747,,,,,,,585.66,0.6673,,,,,,
781,0.784,,,,,,,615.34,0.6747,,,,,,,585.81,0.6673,,,,,,
784,0.786,,,,,,,615.72,0.6747,,,,,,,586.09,0.6673,,,,,,
787,0.786,,,,,,,616.67,0.6747,,,,,,,586.69,0.6673,,,,,,
787,0.786,,,,,,,617.07,0.6747,,,,,,,587.26,0.6673,,,,,,
791,0.786,,,,,,,617.34,0.6747,,,,,,,589.3,0.6673,,,,,,
794,0.786,,,,,,,618.21,0.6748,,,,,,,589.43,0.6673,,,,,,
796,0.786,,,,,,,619.07,0.6748,,,,,,,589.43,0.6673,,,,,,
799,0.786,,,,,,,620.2,0.6748,,,,,,,589.91,0.6674,,,,,,
799,0.786,,,,,,,621.05,0.6748,,,,,,,594.12,0.6674,,,,,,
799,0.786,,,,,,,622.65,0.6748,,,,,,,594.17,0.6674,,,,,,
799,0.786,,,,,,,623.6,0.6748,,,,,,,594.81,0.6674,,,,,,
801,0.786,,,,,,,625.53,0.6759,,,,,,,594.82,0.6674,,,,,,
804,0.786,,,,,,,626.61,0.6759,,,,,,,594.82,0.6674,,,,,,
805,0.786,,,,,,,627.09,0.6759,,,,,,,595.09,0.6676,,,,,,
805,0.786,,,,,,,628.14,0.6759,,,,,,,595.52,0.6676,,,,,,
806,0.786,,,,,,,628.97,0.6759,,,,,,,597.76,0.6677,,,,,,
807,0.786,,,,,,,629.16,0.6759,,,,,,,598.13,0.6686,,,,,,
807,0.787,,,,,,,629.47,0.6759,,,,,,,598.13,0.6686,,,,,,
808,0.787,,,,,,,629.47,0.6759,,,,,,,599.24,0.669,,,,,,
808,0.787,,,,,,,629.47,0.6759,,,,,,,600.07,0.669,,,,,,
808,0.787,,,,,,,629.69,0.6759,,,,,,,602.11,0.6698,,,,,,
808,0.787,,,,,,,630.11,0.6759,,,,,,,602.13,0.6698,,,,,,
808,0.787,,,,,,,630.57,0.6759,,,,,,,602.62,0.6698,,,,,,
808,0.787,,,,,,,631.14,0.6763,,,,,,,602.96,0.6703,,,,,,
808,0.787,,,,,,,631.9,0.6763,,,,,,,603.03,0.6704,,,,,,
808,0.788,,,,,,,632.06,0.6768,,,,,,,603.25,0.6704,,,,,,
808,0.788,,,,,,,632.27,0.6768,,,,,,,603.57,0.6704,,,,,,
809,0.788,,,,,,,632.4,0.6768,,,,,,,603.98,0.671,,,,,,
809,0.788,,,,,,,634.49,0.6786,,,,,,,604.23,0.671,,,,,,
811,0.788,,,,,,,634.94,0.6789,,,,,,,605.16,0.671,,,,,,
811,0.788,,,,,,,635.34,0.6789,,,,,,,606.64,0.671,,,,,,
811,0.788,,,,,,,635.53,0.6789,,,,,,,606.78,0.671,,,,,,
812,0.788,,,,,,,635.56,0.6789,,,,,,,609.07,0.671,,,,,,
812,0.788,,,,,,,635.79,0.6789,,,,,,,610.15,0.671,,,,,,
815,0.788,,,,,,,636.16,0.6789,,,,,,,610.66,0.671,,,,,,
815,0.788,,,,,,,636.74,0.6789,,,,,,,610.72,0.671,,,,,,
815,0.788,,,,,,,637.23,0.6789,,,,,,,610.74,0.671,,,,,,
818,0.788,,,,,,,637.74,0.6789,,,,,,,610.96,0.671,,,,,,
820,0.788,,,,,,,638.85,0.6791,,,,,,,611.2,0.6711,,,,,,
823,0.788,,,,,,,639.6,0.6791,,,,,,,611.72,0.6711,,,,,,
824,0.788,,,,,,,640.32,0.6791,,,,,,,611.99,0.6711,,,,,,
825,0.788,,,,,,,640.47,0.6791,,,,,,,612.17,0.6716,,,,,,
825,0.788,,,,,,,641.26,0.6791,,,,,,,612.25,0.6716,,,,,,
825,0.788,,,,,,,641.26,0.6791,,,,,,,612.58,0.6716,,,,,,
825,0.788,,,,,,,641.48,0.6791,,,,,,,613.42,0.6728,,,,,,
825,0.788,,,,,,,642.33,0.6791,,,,,,,614.32,0.6728,,,,,,
826,0.788,,,,,,,643.68,0.6791,,,,,,,615.22,0.6728,,,,,,
826,0.788,,,,,,,645.54,0.6791,,,,,,,616.58,0.6739,,,,,,
826,0.788,,,,,,,645.8,0.6792,,,,,,,617.59,0.6739,,,,,,
828,0.788,,,,,,,646.15,0.6792,,,,,,,619.08,0.6745,,,,,,
828,0.788,,,,,,,646.47,0.6792,,,,,,,619.14,0.6745,,,,,,
829,0.788,,,,,,,646.51,0.6792,,,,,,,619.14,0.6745,,,,,,
830,0.788,,,,,,,646.57,0.6792,,,,,,,622.02,0.6745,,,,,,
832,0.788,,,,,,,646.66,0.6792,,,,,,,622.2,0.6745,,,,,,
832,0.788,,,,,,,646.82,0.6792,,,,,,,622.74,0.6746,,,,,,
832,0.788,,,,,,,647.8,0.6802,,,,,,,622.95,0.6746,,,,,,
834,0.788,,,,,,,648.24,0.681,,,,,,,623.65,0.6746,,,,,,
834,0.788,,,,,,,648.4,0.681,,,,,,,624.88,0.6746,,,,,,
834,0.788,,,,,,,648.43,0.6811,,,,,,,625.69,0.6746,,,,,,
834,0.788,,,,,,,648.61,0.6811,,,,,,,626.39,0.6746,,,,,,
834,0.788,,,,,,,648.66,0.6811,,,,,,,626.97,0.6746,,,,,,
836,0.788,,,,,,,648.68,0.6811,,,,,,,627.67,0.6746,,,,,,
837,0.788,,,,,,,648.89,0.6811,,,,,,,628.31,0.6746,,,,,,
837,0.788,,,,,,,649.66,0.6811,,,,,,,629.7,0.6746,,,,,,
838,0.788,,,,,,,650.53,0.6811,,,,,,,630.08,0.6746,,,,,,
839,0.788,,,,,,,651.22,0.6812,,,,,,,630.85,0.6746,,,,,,
839,0.788,,,,,,,651.82,0.6812,,,,,,,630.85,0.6746,,,,,,
839,0.788,,,,,,,652.56,0.6812,,,,,,,632.57,0.6756,,,,,,
840,0.788,,,,,,,653.04,0.6812,,,,,,,632.57,0.6756,,,,,,
842,0.788,,,,,,,653.77,0.6812,,,,,,,632.74,0.6756,,,,,,
842,0.788,,,,,,,654.25,0.6812,,,,,,,632.99,0.6758,,,,,,
843,0.788,,,,,,,655.83,0.6812,,,,,,,633.34,0.6758,,,,,,
843,0.788,,,,,,,656.1,0.6812,,,,,,,633.66,0.6758,,,,,,
844,0.788,,,,,,,656.39,0.6812,,,,,,,633.75,0.6762,,,,,,
845,0.788,,,,,,,656.78,0.6812,,,,,,,633.9,0.6762,,,,,,
847,0.788,,,,,,,657.03,0.6812,,,,,,,633.96,0.6762,,,,,,
848,0.788,,,,,,,657.35,0.6812,,,,,,,634.1,0.6762,,,,,,
849,0.788,,,,,,,658.95,0.6812,,,,,,,635.38,0.6762,,,,,,
849,0.788,,,,,,,659.31,0.6812,,,,,,,635.82,0.6762,,,,,,
854,0.789,,,,,,,659.54,0.6812,,,,,,,636.17,0.6762,,,,,,
855,0.789,,,,,,,659.86,0.6813,,,,,,,636.31,0.6762,,,,,,
855,0.789,,,,,,,660.38,0.6817,,,,,,,636.48,0.6762,,,,,,
855,0.789,,,,,,,660.9,0.6817,,,,,,,637.7,0.6762,,,,,,
855,0.789,,,,,,,661.42,0.6817,,,,,,,638.55,0.6762,,,,,,
855,0.789,,,,,,,661.76,0.6817,,,,,,,638.56,0.6762,,,,,,
855,0.789,,,,,,,662.12,0.6817,,,,,,,639.07,0.6762,,,,,,
855,0.789,,,,,,,662.6,0.6817,,,,,,,640.25,0.6762,,,,,,
856,0.789,,,,,,,662.89,0.6817,,,,,,,640.95,0.6762,,,,,,
857,0.789,,,,,,,663.4,0.6817,,,,,,,641.77,0.6762,,,,,,
858,0.789,,,,,,,663.96,0.6817,,,,,,,644.16,0.6772,,,,,,
858,0.789,,,,,,,664.34,0.6817,,,,,,,644.25,0.6772,,,,,,
859,0.789,,,,,,,664.47,0.6817,,,,,,,644.84,0.6772,,,,,,
859,0.789,,,,,,,664.97,0.6817,,,,,,,644.92,0.6772,,,,,,
860,0.789,,,,,,,665.03,0.6817,,,,,,,645.44,0.6772,,,,,,
861,0.789,,,,,,,665.08,0.6817,,,,,,,645.9,0.6772,,,,,,
862,0.789,,,,,,,665.2,0.6817,,,,,,,646.21,0.6772,,,,,,
862,0.789,,,,,,,665.32,0.6817,,,,,,,646.51,0.6772,,,,,,
862,0.789,,,,,,,665.92,0.6817,,,,,,,646.99,0.678,,,,,,
863,0.789,,,,,,,666.62,0.6817,,,,,,,648.72,0.678,,,,,,
864,0.789,,,,,,,667.05,0.6817,,,,,,,649.02,0.678,,,,,,
865,0.789,,,,,,,667.95,0.6821,,,,,,,649.11,0.678,,,,,,
866,0.789,,,,,,,668.3,0.6821,,,,,,,649.33,0.6781,,,,,,
867,0.789,,,,,,,668.44,0.6821,,,,,,,649.69,0.6781,,,,,,
868,0.789,,,,,,,668.78,0.6821,,,,,,,649.75,0.6781,,,,,,
868,0.789,,,,,,,669.16,0.6821,,,,,,,649.86,0.6781,,,,,,
869,0.789,,,,,,,669.54,0.6821,,,,,,,650.88,0.6781,,,,,,
870,0.789,,,,,,,669.91,0.6821,,,,,,,651.09,0.6781,,,,,,
878,0.789,,,,,,,669.96,0.6821,,,,,,,652.07,0.6781,,,,,,
880,0.791,,,,,,,670.31,0.6821,,,,,,,659.17,0.6841,,,,,,
883,0.796,,,,,,,671.26,0.6822,,,,,,,659.83,0.6841,,,,,,
884,0.796,,,,,,,671.71,0.6822,,,,,,,660.99,0.6841,,,,,,
885,0.796,,,,,,,672.87,0.6827,,,,,,,661.76,0.685,,,,,,
886,0.796,,,,,,,673.74,0.6827,,,,,,,662.49,0.685,,,,,,
886,0.796,,,,,,,675.24,0.6827,,,,,,,663.13,0.6851,,,,,,
887,0.796,,,,,,,675.35,0.683,,,,,,,663.66,0.6869,,,,,,
888,0.796,,,,,,,675.56,0.683,,,,,,,663.76,0.6869,,,,,,
889,0.796,,,,,,,675.8,0.683,,,,,,,663.95,0.6869,,,,,,
890,0.796,,,,,,,675.93,0.683,,,,,,,664.06,0.6869,,,,,,
892,0.796,,,,,,,675.98,0.683,,,,,,,664.06,0.6869,,,,,,
892,0.796,,,,,,,676.04,0.683,,,,,,,664.68,0.6869,,,,,,
893,0.796,,,,,,,676.81,0.6852,,,,,,,665.03,0.687,,,,,,
894,0.796,,,,,,,677.21,0.6853,,,,,,,665.34,0.687,,,,,,
895,0.796,,,,,,,677.22,0.6853,,,,,,,665.57,0.687,,,,,,
895,0.796,,,,,,,677.27,0.6853,,,,,,,665.9,0.687,,,,,,
895,0.796,,,,,,,677.4,0.6852,,,,,,,666.22,0.687,,,,,,
896,0.796,,,,,,,677.68,0.6852,,,,,,,666.8,0.687,,,,,,
897,0.796,,,,,,,678.38,0.6857,,,,,,,667.29,0.687,,,,,,
898,0.796,,,,,,,678.89,0.686,,,,,,,667.36,0.6869,,,,,,
898,0.796,,,,,,,679.21,0.686,,,,,,,667.43,0.6869,,,,,,
899,0.796,,,,,,,679.56,0.686,,,,,,,667.5,0.6875,,,,,,
899,0.796,,,,,,,679.84,0.686,,,,,,,667.92,0.6875,,,,,,
900,0.796,,,,,,,680.4,0.6861,,,,,,,668.9,0.6875,,,,,,
901,0.796,,,,,,,681.04,0.6861,,,,,,,669.24,0.6875,,,,,,
902,0.796,,,,,,,681.28,0.6861,,,,,,,670.35,0.6875,,,,,,
903,0.797,,,,,,,681.54,0.6863,,,,,,,670.8,0.6876,,,,,,
904,0.797,,,,,,,682.51,0.6863,,,,,,,671.74,0.6876,,,,,,
904,0.797,,,,,,,682.67,0.6863,,,,,,,671.83,0.6876,,,,,,
904,0.797,,,,,,,682.84,0.6863,,,,,,,672.04,0.6876,,,,,,
905,0.797,,,,,,,682.97,0.6863,,,,,,,673.2,0.6878,,,,,,
905,0.797,,,,,,,683.18,0.6863,,,,,,,673.63,0.6878,,,,,,
906,0.798,,,,,,,683.58,0.6863,,,,,,,673.72,0.6878,,,,,,
907,0.798,,,,,,,683.83,0.6863,,,,,,,674.91,0.6878,,,,,,
907,0.798,,,,,,,684.08,0.6863,,,,,,,674.94,0.6878,,,,,,
909,0.798,,,,,,,684.5,0.6863,,,,,,,675.27,0.6878,,,,,,
909,0.798,,,,,,,684.78,0.6863,,,,,,,675.31,0.6878,,,,,,
911,0.798,,,,,,,685.52,0.6863,,,,,,,675.85,0.6878,,,,,,
913,0.798,,,,,,,686.66,0.6872,,,,,,,676.62,0.6878,,,,,,
913,0.798,,,,,,,686.87,0.6876,,,,,,,677.43,0.6878,,,,,,
914,0.798,,,,,,,687.83,0.6876,,,,,,,678.12,0.6878,,,,,,
915,0.798,,,,,,,688,0.6876,,,,,,,678.3,0.6879,,,,,,
915,0.798,,,,,,,688.15,0.6876,,,,,,,678.37,0.6879,,,,,,
916,0.798,,,,,,,688.35,0.6876,,,,,,,678.69,0.6879,,,,,,
916,0.798,,,,,,,688.67,0.6876,,,,,,,678.69,0.6879,,,,,,
916,0.798,,,,,,,688.99,0.6876,,,,,,,678.7,0.6879,,,,,,
917,0.798,,,,,,,689.22,0.6876,,,,,,,679.36,0.6879,,,,,,
918,0.798,,,,,,,689.39,0.6876,,,,,,,679.6,0.6879,,,,,,
919,0.798,,,,,,,689.61,0.6876,,,,,,,680.62,0.6879,,,,,,
919,0.798,,,,,,,691.23,0.6881,,,,,,,681.38,0.6878,,,,,,
919,0.798,,,,,,,691.79,0.6881,,,,,,,681.8,0.6878,,,,,,
919,0.798,,,,,,,693.02,0.6885,,,,,,,682.65,0.6878,,,,,,
919,0.798,,,,,,,693.17,0.6885,,,,,,,682.97,0.6878,,,,,,
920,0.798,,,,,,,694.26,0.6885,,,,,,,683.39,0.6882,,,,,,
922,0.798,,,,,,,695.48,0.6885,,,,,,,683.42,0.6882,,,,,,
923,0.798,,,,,,,696.62,0.6885,,,,,,,683.42,0.6882,,,,,,
923,0.798,,,,,,,697.89,0.6885,,,,,,,683.43,0.6882,,,,,,
924,0.799,,,,,,,699.34,0.6887,,,,,,,683.66,0.6882,,,,,,
926,0.799,,,,,,,700.1,0.6887,,,,,,,683.73,0.6882,,,,,,
927,0.799,,,,,,,701.69,0.6891,,,,,,,685.09,0.689,,,,,,
927,0.799,,,,,,,703.12,0.6892,,,,,,,685.32,0.689,,,,,,
927,0.799,,,,,,,703.61,0.6893,,,,,,,685.53,0.689,,,,,,
927,0.799,,,,,,,703.74,0.6893,,,,,,,685.68,0.689,,,,,,
928,0.798,,,,,,,705.1,0.6895,,,,,,,685.89,0.689,,,,,,
928,0.798,,,,,,,705.16,0.6895,,,,,,,686.41,0.689,,,,,,
928,0.8,,,,,,,705.21,0.6895,,,,,,,686.41,0.689,,,,,,
928,0.8,,,,,,,705.4,0.6895,,,,,,,686.66,0.689,,,,,,
928,0.8,,,,,,,705.88,0.6898,,,,,,,686.91,0.689,,,,,,
929,0.8,,,,,,,706.25,0.6901,,,,,,,687.07,0.689,,,,,,
930,0.8,,,,,,,706.77,0.6907,,,,,,,687.14,0.689,,,,,,
930,0.8,,,,,,,706.87,0.6907,,,,,,,687.14,0.689,,,,,,
930,0.8,,,,,,,707.18,0.6907,,,,,,,687.52,0.6891,,,,,,
931,0.8,,,,,,,707.51,0.6907,,,,,,,687.81,0.6891,,,,,,
932,0.8,,,,,,,707.92,0.6907,,,,,,,688.29,0.689,,,,,,
932,0.8,,,,,,,708.57,0.691,,,,,,,689.24,0.689,,,,,,
933,0.8,,,,,,,709.14,0.691,,,,,,,689.63,0.689,,,,,,
934,0.801,,,,,,,709.6,0.691,,,,,,,689.74,0.689,,,,,,
936,0.801,,,,,,,710.05,0.691,,,,,,,690.08,0.689,,,,,,
936,0.801,,,,,,,710.53,0.691,,,,,,,690.08,0.689,,,,,,
937,0.801,,,,,,,711.11,0.6911,,,,,,,690.68,0.6894,,,,,,
937,0.801,,,,,,,711.47,0.6911,,,,,,,691.62,0.6894,,,,,,
937,0.803,,,,,,,712.97,0.6912,,,,,,,692.25,0.6894,,,,,,
938,0.803,,,,,,,713.1,0.6912,,,,,,,692.95,0.6894,,,,,,
938,0.803,,,,,,,713.26,0.6912,,,,,,,693.05,0.6894,,,,,,
938,0.803,,,,,,,713.42,0.6912,,,,,,,694.17,0.6906,,,,,,
938,0.803,,,,,,,713.56,0.6912,,,,,,,695.3,0.6906,,,,,,
939,0.803,,,,,,,714.25,0.6912,,,,,,,697.08,0.6906,,,,,,
939,0.803,,,,,,,715.55,0.6922,,,,,,,697.52,0.6906,,,,,,
939,0.803,,,,,,,715.72,0.6922,,,,,,,697.54,0.6906,,,,,,
939,0.803,,,,,,,715.81,0.6922,,,,,,,697.54,0.6906,,,,,,
939,0.803,,,,,,,716.65,0.6936,,,,,,,697.54,0.6906,,,,,,
939,0.803,,,,,,,716.65,0.6936,,,,,,,698.99,0.6924,,,,,,
941,0.803,,,,,,,716.84,0.6936,,,,,,,699.76,0.6924,,,,,,
941,0.803,,,,,,,716.97,0.6936,,,,,,,699.77,0.6924,,,,,,
941,0.803,,,,,,,717.1,0.6937,,,,,,,700.79,0.6937,,,,,,
941,0.803,,,,,,,717.74,0.6937,,,,,,,701.58,0.6938,,,,,,
941,0.803,,,,,,,718.57,0.6937,,,,,,,701.78,0.6937,,,,,,
942,0.803,,,,,,,719.5,0.6938,,,,,,,702.54,0.6937,,,,,,
943,0.803,,,,,,,720.48,0.6938,,,,,,,703.86,0.6938,,,,,,
943,0.803,,,,,,,721.77,0.6938,,,,,,,704.72,0.6937,,,,,,
946,0.805,,,,,,,722.79,0.6938,,,,,,,705.43,0.6937,,,,,,
946,0.805,,,,,,,723.89,0.6938,,,,,,,706.07,0.6937,,,,,,
947,0.805,,,,,,,723.95,0.6938,,,,,,,706.65,0.6937,,,,,,
948,0.805,,,,,,,724.81,0.6938,,,,,,,707.13,0.6938,,,,,,
948,0.805,,,,,,,725.15,0.6938,,,,,,,707.29,0.6938,,,,,,
949,0.805,,,,,,,726.62,0.6938,,,,,,,707.6,0.6938,,,,,,
950,0.805,,,,,,,729.33,0.6941,,,,,,,708.11,0.6938,,,,,,
951,0.805,,,,,,,729.7,0.6941,,,,,,,709.11,0.6938,,,,,,
951,0.805,,,,,,,730.06,0.6941,,,,,,,709.38,0.6938,,,,,,
951,0.805,,,,,,,730.34,0.6941,,,,,,,709.58,0.6938,,,,,,
952,0.805,,,,,,,732.06,0.6941,,,,,,,709.86,0.6938,,,,,,
952,0.805,,,,,,,732.09,0.6941,,,,,,,710.89,0.6946,,,,,,
952,0.805,,,,,,,734.28,0.695,,,,,,,711,0.6946,,,,,,
953,0.805,,,,,,,734.36,0.695,,,,,,,711.05,0.6946,,,,,,
953,0.805,,,,,,,735.53,0.6953,,,,,,,712.11,0.6946,,,,,,
954,0.805,,,,,,,738.25,0.6966,,,,,,,713.55,0.6946,,,,,,
954,0.805,,,,,,,739.1,0.6966,,,,,,,714.26,0.6949,,,,,,
955,0.805,,,,,,,739.49,0.6966,,,,,,,715.05,0.6949,,,,,,
956,0.805,,,,,,,739.68,0.6966,,,,,,,715.81,0.6949,,,,,,
957,0.805,,,,,,,740.48,0.6966,,,,,,,716.91,0.6949,,,,,,
957,0.805,,,,,,,741.07,0.6966,,,,,,,716.91,0.6949,,,,,,
959,0.805,,,,,,,741.7,0.6966,,,,,,,717.74,0.6949,,,,,,
959,0.805,,,,,,,742.03,0.6966,,,,,,,718.69,0.6949,,,,,,
968,0.807,,,,,,,743,0.697,,,,,,,718.69,0.6949,,,,,,
970,0.809,,,,,,,744.29,0.6973,,,,,,,718.69,0.6949,,,,,,
971,0.809,,,,,,,744.84,0.6973,,,,,,,720.59,0.6949,,,,,,
971,0.809,,,,,,,745.6,0.6973,,,,,,,720.59,0.6949,,,,,,
971,0.809,,,,,,,747.14,0.6977,,,,,,,721,0.6949,,,,,,
972,0.809,,,,,,,748.12,0.6977,,,,,,,721.2,0.6949,,,,,,
972,0.809,,,,,,,748.96,0.6977,,,,,,,721.39,0.6949,,,,,,
972,0.809,,,,,,,750.29,0.6977,,,,,,,721.44,0.6949,,,,,,
972,0.809,,,,,,,750.35,0.6977,,,,,,,722.22,0.6965,,,,,,
972,0.809,,,,,,,751.01,0.6977,,,,,,,723.4,0.6969,,,,,,
973,0.809,,,,,,,751.67,0.6977,,,,,,,723.62,0.6969,,,,,,
974,0.809,,,,,,,751.73,0.6977,,,,,,,723.62,0.6969,,,,,,
974,0.809,,,,,,,751.93,0.6979,,,,,,,723.77,0.6969,,,,,,
974,0.809,,,,,,,751.99,0.6979,,,,,,,725.56,0.6969,,,,,,
975,0.809,,,,,,,752.34,0.6979,,,,,,,726.04,0.6969,,,,,,
976,0.809,,,,,,,752.4,0.6979,,,,,,,726.04,0.6969,,,,,,
976,0.809,,,,,,,753.01,0.6982,,,,,,,726.04,0.6969,,,,,,
977,0.809,,,,,,,753.5,0.6982,,,,,,,726.74,0.6969,,,,,,
978,0.809,,,,,,,753.6,0.6982,,,,,,,727.91,0.6969,,,,,,
979,0.809,,,,,,,755.69,0.6984,,,,,,,729.05,0.6969,,,,,,
980,0.809,,,,,,,757.77,0.6996,,,,,,,732.13,0.697,,,,,,
980,0.809,,,,,,,758.32,0.6996,,,,,,,732.2,0.697,,,,,,
981,0.809,,,,,,,758.72,0.6996,,,,,,,732.32,0.697,,,,,,
983,0.809,,,,,,,758.98,0.6996,,,,,,,732.48,0.697,,,,,,
984,0.809,,,,,,,759.34,0.6996,,,,,,,733.15,0.697,,,,,,
984,0.809,,,,,,,759.39,0.6996,,,,,,,733.54,0.697,,,,,,
985,0.809,,,,,,,759.46,0.6996,,,,,,,734.23,0.697,,,,,,
985,0.809,,,,,,,760,0.6997,,,,,,,734.25,0.697,,,,,,
987,0.809,,,,,,,760.65,0.6997,,,,,,,734.25,0.697,,,,,,
988,0.809,,,,,,,760.67,0.6997,,,,,,,734.49,0.6971,,,,,,
989,0.809,,,,,,,761.41,0.7002,,,,,,,734.61,0.6971,,,,,,
990,0.809,,,,,,,762.22,0.7002,,,,,,,734.65,0.6971,,,,,,
991,0.809,,,,,,,763.19,0.7002,,,,,,,736.71,0.6971,,,,,,
991,0.809,,,,,,,763.7,0.7002,,,,,,,736.75,0.6971,,,,,,
991,0.809,,,,,,,764.83,0.7002,,,,,,,736.75,0.6971,,,,,,
991,0.809,,,,,,,765.88,0.7002,,,,,,,737.42,0.6971,,,,,,
992,0.809,,,,,,,766.51,0.7002,,,,,,,737.64,0.6971,,,,,,
995,0.809,,,,,,,766.51,0.7002,,,,,,,737.67,0.6971,,,,,,
995,0.809,,,,,,,767.7,0.7002,,,,,,,737.9,0.6971,,,,,,
995,0.809,,,,,,,768.94,0.7002,,,,,,,738.87,0.6972,,,,,,
997,0.809,,,,,,,770.22,0.7002,,,,,,,740.12,0.6973,,,,,,
999,0.809,,,,,,,770.22,0.7002,,,,,,,741.4,0.6973,,,,,,
1000,0.809,,,,,,,771.01,0.7002,,,,,,,741.74,0.6977,,,,,,
,,,,,,,,771.25,0.7002,,,,,,,741.98,0.6977,,,,,,
,,,,,,,,771.68,0.7022,,,,,,,743.01,0.6977,,,,,,
,,,,,,,,771.9,0.7022,,,,,,,743.5,0.6977,,,,,,
,,,,,,,,772.3,0.7022,,,,,,,743.71,0.6977,,,,,,
,,,,,,,,772.35,0.7022,,,,,,,744.68,0.6977,,,,,,
,,,,,,,,772.51,0.7023,,,,,,,745.06,0.6977,,,,,,
,,,,,,,,772.83,0.7023,,,,,,,746.84,0.6977,,,,,,
,,,,,,,,773.32,0.7023,,,,,,,747.22,0.6977,,,,,,
,,,,,,,,775.24,0.7028,,,,,,,747.65,0.6977,,,,,,
,,,,,,,,775.27,0.7028,,,,,,,747.72,0.6981,,,,,,
,,,,,,,,775.43,0.7029,,,,,,,747.9,0.6981,,,,,,
,,,,,,,,776.19,0.7039,,,,,,,749.24,0.6986,,,,,,
,,,,,,,,777.44,0.7044,,,,,,,749.43,0.6986,,,,,,
,,,,,,,,778.37,0.7044,,,,,,,749.43,0.6986,,,,,,
,,,,,,,,779.05,0.7044,,,,,,,749.55,0.6986,,,,,,
,,,,,,,,779.55,0.7044,,,,,,,749.55,0.6986,,,,,,
,,,,,,,,779.77,0.7044,,,,,,,750.01,0.6986,,,,,,
,,,,,,,,779.83,0.7044,,,,,,,750.16,0.6986,,,,,,
,,,,,,,,780.56,0.7044,,,,,,,750.65,0.6986,,,,,,
,,,,,,,,780.86,0.7045,,,,,,,751.24,0.6986,,,,,,
,,,,,,,,781.1,0.7045,,,,,,,751.51,0.6986,,,,,,
,,,,,,,,781.19,0.7045,,,,,,,751.54,0.6986,,,,,,
,,,,,,,,783.08,0.7045,,,,,,,751.86,0.6986,,,,,,
,,,,,,,,783.36,0.7045,,,,,,,754.38,0.7,,,,,,
,,,,,,,,783.64,0.7045,,,,,,,754.8,0.7,,,,,,
,,,,,,,,783.91,0.7045,,,,,,,755.25,0.7,,,,,,
,,,,,,,,784.17,0.7045,,,,,,,756.5,0.7001,,,,,,
,,,,,,,,784.56,0.7046,,,,,,,756.99,0.7001,,,,,,
,,,,,,,,784.96,0.7046,,,,,,,756.99,0.7001,,,,,,
,,,,,,,,786.26,0.7062,,,,,,,757.52,0.7001,,,,,,
,,,,,,,,786.68,0.7062,,,,,,,757.92,0.7001,,,,,,
,,,,,,,,786.86,0.7062,,,,,,,758.32,0.7001,,,,,,
,,,,,,,,787.03,0.7064,,,,,,,758.32,0.7001,,,,,,
,,,,,,,,787.44,0.7064,,,,,,,758.32,0.7001,,,,,,
,,,,,,,,787.73,0.7064,,,,,,,758.72,0.7002,,,,,,
,,,,,,,,788.87,0.7064,,,,,,,759.76,0.7002,,,,,,
,,,,,,,,789.18,0.7064,,,,,,,760.1,0.7002,,,,,,
,,,,,,,,789.99,0.7064,,,,,,,760.43,0.7002,,,,,,
,,,,,,,,790.31,0.7064,,,,,,,761.11,0.7002,,,,,,
,,,,,,,,790.36,0.7064,,,,,,,762.83,0.7002,,,,,,
,,,,,,,,790.67,0.7064,,,,,,,763.01,0.7002,,,,,,
,,,,,,,,791.81,0.7064,,,,,,,763.72,0.7002,,,,,,
,,,,,,,,792.27,0.7074,,,,,,,763.76,0.7002,,,,,,
,,,,,,,,792.62,0.7074,,,,,,,764.03,0.7002,,,,,,
,,,,,,,,792.82,0.7074,,,,,,,765.24,0.7002,,,,,,
,,,,,,,,793.35,0.7074,,,,,,,766.12,0.7003,,,,,,
,,,,,,,,794.37,0.7074,,,,,,,766.36,0.7003,,,,,,
,,,,,,,,794.91,0.7075,,,,,,,766.44,0.7003,,,,,,
,,,,,,,,794.93,0.7075,,,,,,,766.45,0.7003,,,,,,
,,,,,,,,795.33,0.7075,,,,,,,766.45,0.7003,,,,,,
,,,,,,,,795.33,0.7075,,,,,,,767.19,0.7003,,,,,,
,,,,,,,,795.97,0.7076,,,,,,,768.05,0.7003,,,,,,
,,,,,,,,795.97,0.7076,,,,,,,769.59,0.7003,,,,,,
,,,,,,,,796.04,0.7076,,,,,,,770.89,0.7003,,,,,,
,,,,,,,,796.04,0.7076,,,,,,,771.67,0.7003,,,,,,
,,,,,,,,796.04,0.7076,,,,,,,772.44,0.7003,,,,,,
,,,,,,,,796.04,0.7076,,,,,,,773.15,0.7003,,,,,,
,,,,,,,,796.04,0.7076,,,,,,,773.3,0.7003,,,,,,
,,,,,,,,796.48,0.7076,,,,,,,773.72,0.7003,,,,,,
,,,,,,,,796.51,0.7077,,,,,,,773.72,0.7003,,,,,,
,,,,,,,,796.72,0.7079,,,,,,,773.84,0.7003,,,,,,
,,,,,,,,797.45,0.7088,,,,,,,774.19,0.7003,,,,,,
,,,,,,,,798.09,0.7093,,,,,,,775.11,0.7003,,,,,,
,,,,,,,,798.44,0.7093,,,,,,,776.32,0.7003,,,,,,
,,,,,,,,799.57,0.7093,,,,,,,776.38,0.7003,,,,,,
,,,,,,,,800.56,0.7093,,,,,,,776.57,0.7003,,,,,,
,,,,,,,,801.8,0.7093,,,,,,,777.31,0.7005,,,,,,
,,,,,,,,802.76,0.7093,,,,,,,777.31,0.7005,,,,,,
,,,,,,,,804.62,0.7093,,,,,,,779.02,0.7005,,,,,,
,,,,,,,,805.43,0.7093,,,,,,,779.4,0.7005,,,,,,
,,,,,,,,805.52,0.7093,,,,,,,781.85,0.7011,,,,,,
,,,,,,,,807.59,0.7093,,,,,,,782,0.7011,,,,,,
,,,,,,,,809.98,0.7093,,,,,,,782.08,0.7011,,,,,,
,,,,,,,,810.34,0.7095,,,,,,,782.19,0.7011,,,,,,
,,,,,,,,810.63,0.7095,,,,,,,782.52,0.7012,,,,,,
,,,,,,,,811.75,0.7095,,,,,,,783.49,0.7012,,,,,,
,,,,,,,,811.93,0.7095,,,,,,,784.37,0.7012,,,,,,
,,,,,,,,813.36,0.7095,,,,,,,784.44,0.7012,,,,,,
,,,,,,,,813.41,0.7095,,,,,,,785.14,0.7012,,,,,,
,,,,,,,,815.07,0.7099,,,,,,,785.19,0.7012,,,,,,
,,,,,,,,815.17,0.7099,,,,,,,785.81,0.7012,,,,,,
,,,,,,,,815.23,0.7099,,,,,,,786.27,0.7012,,,,,,
,,,,,,,,815.38,0.7099,,,,,,,787,0.7012,,,,,,
,,,,,,,,815.43,0.7099,,,,,,,788.2,0.7012,,,,,,
,,,,,,,,816.21,0.7102,,,,,,,788.85,0.7012,,,,,,
,,,,,,,,816.58,0.7102,,,,,,,790.17,0.7012,,,,,,
,,,,,,,,817.11,0.7102,,,,,,,790.86,0.7012,,,,,,
,,,,,,,,817.75,0.7102,,,,,,,791.96,0.7012,,,,,,
,,,,,,,,818.09,0.7102,,,,,,,793.08,0.7012,,,,,,
,,,,,,,,819.06,0.7102,,,,,,,794.35,0.7012,,,,,,
,,,,,,,,819.46,0.7101,,,,,,,794.47,0.7012,,,,,,
,,,,,,,,820.51,0.7101,,,,,,,795.3,0.7012,,,,,,
,,,,,,,,820.67,0.7101,,,,,,,795.3,0.7012,,,,,,
,,,,,,,,820.96,0.7101,,,,,,,796.52,0.7012,,,,,,
,,,,,,,,821.68,0.7101,,,,,,,796.74,0.7012,,,,,,
,,,,,,,,821.97,0.7101,,,,,,,796.74,0.7012,,,,,,
,,,,,,,,825.2,0.7108,,,,,,,796.74,0.7012,,,,,,
,,,,,,,,825.2,0.7108,,,,,,,797.6,0.7012,,,,,,
,,,,,,,,825.74,0.7108,,,,,,,797.6,0.7012,,,,,,
,,,,,,,,825.74,0.7108,,,,,,,797.96,0.7012,,,,,,
,,,,,,,,825.83,0.7108,,,,,,,798.04,0.7012,,,,,,
,,,,,,,,826.17,0.7108,,,,,,,798.04,0.7012,,,,,,
,,,,,,,,826.2,0.7108,,,,,,,798.05,0.7012,,,,,,
,,,,,,,,827.83,0.7118,,,,,,,798.06,0.7013,,,,,,
,,,,,,,,827.94,0.7118,,,,,,,798.8,0.7013,,,,,,
,,,,,,,,828.28,0.7117,,,,,,,799.89,0.7013,,,,,,
,,,,,,,,828.5,0.7117,,,,,,,800.96,0.7013,,,,,,
,,,,,,,,828.7,0.7117,,,,,,,801.45,0.7015,,,,,,
,,,,,,,,828.77,0.7117,,,,,,,802.05,0.7015,,,,,,
,,,,,,,,828.77,0.7117,,,,,,,803.08,0.7023,,,,,,
,,,,,,,,829.2,0.7121,,,,,,,804.08,0.7023,,,,,,
,,,,,,,,829.31,0.7121,,,,,,,804.64,0.7023,,,,,,
,,,,,,,,830.17,0.7121,,,,,,,805.21,0.7023,,,,,,
,,,,,,,,830.7,0.7121,,,,,,,805.42,0.7024,,,,,,
,,,,,,,,831.14,0.7127,,,,,,,805.42,0.7024,,,,,,
,,,,,,,,831.89,0.7127,,,,,,,806.04,0.7024,,,,,,
,,,,,,,,833.41,0.7127,,,,,,,807.05,0.7024,,,,,,
,,,,,,,,834.03,0.7127,,,,,,,807.43,0.7024,,,,,,
,,,,,,,,834.97,0.7127,,,,,,,807.78,0.7024,,,,,,
,,,,,,,,835.59,0.7127,,,,,,,807.79,0.7024,,,,,,
,,,,,,,,836.94,0.7131,,,,,,,807.79,0.7024,,,,,,
,,,,,,,,837.69,0.7131,,,,,,,808.85,0.7024,,,,,,
,,,,,,,,837.84,0.7131,,,,,,,810.26,0.7026,,,,,,
,,,,,,,,838.2,0.7131,,,,,,,811.94,0.7026,,,,,,
,,,,,,,,838.53,0.7131,,,,,,,812.06,0.7026,,,,,,
,,,,,,,,838.61,0.7132,,,,,,,812.06,0.7026,,,,,,
,,,,,,,,838.67,0.7132,,,,,,,812.07,0.7026,,,,,,
,,,,,,,,838.83,0.7131,,,,,,,812.23,0.7026,,,,,,
,,,,,,,,840.47,0.7134,,,,,,,812.97,0.7026,,,,,,
,,,,,,,,842.84,0.7134,,,,,,,813.69,0.7026,,,,,,
,,,,,,,,843.09,0.7134,,,,,,,814.62,0.7026,,,,,,
,,,,,,,,845.54,0.7134,,,,,,,815.85,0.7026,,,,,,
,,,,,,,,845.66,0.7134,,,,,,,817.08,0.7026,,,,,,
,,,,,,,,846.04,0.7141,,,,,,,817.98,0.7026,,,,,,
,,,,,,,,846.08,0.7141,,,,,,,819.22,0.7026,,,,,,
,,,,,,,,846.08,0.7141,,,,,,,820.47,0.7026,,,,,,
,,,,,,,,846.67,0.7147,,,,,,,821.01,0.7026,,,,,,
,,,,,,,,846.69,0.7149,,,,,,,821.56,0.7032,,,,,,
,,,,,,,,847.27,0.7166,,,,,,,822.61,0.7032,,,,,,
,,,,,,,,852.35,0.7195,,,,,,,824.12,0.7032,,,,,,
,,,,,,,,852.83,0.7197,,,,,,,825.55,0.7032,,,,,,
,,,,,,,,853.14,0.7197,,,,,,,826.46,0.7032,,,,,,
,,,,,,,,853.43,0.7197,,,,,,,826.5,0.7032,,,,,,
,,,,,,,,854.19,0.7197,,,,,,,826.54,0.7032,,,,,,
,,,,,,,,854.9,0.7197,,,,,,,827.34,0.7032,,,,,,
,,,,,,,,855.01,0.7197,,,,,,,827.46,0.7032,,,,,,
,,,,,,,,856.04,0.7197,,,,,,,827.73,0.7032,,,,,,
,,,,,,,,856.49,0.7197,,,,,,,827.81,0.7032,,,,,,
,,,,,,,,857.01,0.7197,,,,,,,828.58,0.7032,,,,,,
,,,,,,,,857.71,0.7197,,,,,,,829.56,0.7032,,,,,,
,,,,,,,,858.39,0.7197,,,,,,,829.68,0.7032,,,,,,
,,,,,,,,859.29,0.7198,,,,,,,830.54,0.7032,,,,,,
,,,,,,,,860.06,0.7198,,,,,,,831.89,0.7032,,,,,,
,,,,,,,,861.47,0.7201,,,,,,,832.6,0.7032,,,,,,
,,,,,,,,862.17,0.7201,,,,,,,833.71,0.7032,,,,,,
,,,,,,,,862.42,0.7201,,,,,,,835.53,0.7032,,,,,,
,,,,,,,,862.63,0.7201,,,,,,,835.53,0.7032,,,,,,
,,,,,,,,863.14,0.7201,,,,,,,836.44,0.7032,,,,,,
,,,,,,,,866.08,0.7203,,,,,,,836.46,0.7032,,,,,,
,,,,,,,,866.15,0.7203,,,,,,,836.61,0.7032,,,,,,
,,,,,,,,866.31,0.7203,,,,,,,836.82,0.7032,,,,,,
,,,,,,,,866.39,0.7203,,,,,,,837.38,0.7032,,,,,,
,,,,,,,,866.39,0.7203,,,,,,,838.42,0.7032,,,,,,
,,,,,,,,866.43,0.7203,,,,,,,838.5,0.7032,,,,,,
,,,,,,,,866.44,0.7202,,,,,,,838.86,0.7032,,,,,,
,,,,,,,,866.44,0.7202,,,,,,,838.95,0.7032,,,,,,
,,,,,,,,866.79,0.7202,,,,,,,839.04,0.7032,,,,,,
,,,,,,,,867.11,0.7202,,,,,,,839.91,0.7031,,,,,,
,,,,,,,,867.44,0.7202,,,,,,,840.37,0.7031,,,,,,
,,,,,,,,867.67,0.7203,,,,,,,840.95,0.7031,,,,,,
,,,,,,,,867.74,0.7203,,,,,,,841.09,0.7031,,,,,,
,,,,,,,,867.86,0.7203,,,,,,,841.15,0.7031,,,,,,
,,,,,,,,868.92,0.7203,,,,,,,842.4,0.7034,,,,,,
,,,,,,,,869.39,0.7203,,,,,,,843.72,0.7056,,,,,,
,,,,,,,,869.76,0.7203,,,,,,,844.38,0.7057,,,,,,
,,,,,,,,869.8,0.7203,,,,,,,844.59,0.7057,,,,,,
,,,,,,,,870.57,0.7203,,,,,,,845.32,0.7057,,,,,,
,,,,,,,,871.08,0.7203,,,,,,,845.92,0.7057,,,,,,
,,,,,,,,872.62,0.7207,,,,,,,846.51,0.7057,,,,,,
,,,,,,,,872.63,0.7207,,,,,,,847.3,0.7057,,,,,,
,,,,,,,,872.63,0.7207,,,,,,,848.23,0.7057,,,,,,
,,,,,,,,873.53,0.721,,,,,,,848.76,0.7057,,,,,,
,,,,,,,,873.59,0.721,,,,,,,849.32,0.7057,,,,,,
,,,,,,,,874.57,0.7213,,,,,,,849.32,0.7057,,,,,,
,,,,,,,,874.66,0.7214,,,,,,,849.88,0.7057,,,,,,
,,,,,,,,875.1,0.7214,,,,,,,850.56,0.7057,,,,,,
,,,,,,,,875.33,0.7216,,,,,,,851.14,0.7057,,,,,,
,,,,,,,,876.09,0.7216,,,,,,,852.71,0.7063,,,,,,
,,,,,,,,876.35,0.7216,,,,,,,853.08,0.7063,,,,,,
,,,,,,,,877.26,0.7216,,,,,,,853.7,0.7063,,,,,,
,,,,,,,,877.54,0.7216,,,,,,,853.92,0.7063,,,,,,
,,,,,,,,878.1,0.7216,,,,,,,854.76,0.7063,,,,,,
,,,,,,,,878.34,0.7216,,,,,,,855.15,0.7063,,,,,,
,,,,,,,,878.41,0.7216,,,,,,,855.56,0.7063,,,,,,
,,,,,,,,878.44,0.7216,,,,,,,856.02,0.7063,,,,,,
,,,,,,,,878.44,0.7216,,,,,,,856.7,0.7063,,,,,,
,,,,,,,,878.56,0.7218,,,,,,,858.06,0.7063,,,,,,
,,,,,,,,878.77,0.7218,,,,,,,859.51,0.7063,,,,,,
,,,,,,,,879.1,0.7222,,,,,,,860.32,0.7068,,,,,,
,,,,,,,,879.34,0.7221,,,,,,,861.22,0.7068,,,,,,
,,,,,,,,880.19,0.7221,,,,,,,861.93,0.7068,,,,,,
,,,,,,,,880.56,0.7221,,,,,,,862.43,0.7068,,,,,,
,,,,,,,,881.36,0.7225,,,,,,,862.78,0.7068,,,,,,
,,,,,,,,882.16,0.7228,,,,,,,863.29,0.7068,,,,,,
,,,,,,,,883.33,0.7228,,,,,,,863.51,0.7068,,,,,,
,,,,,,,,884.57,0.7228,,,,,,,864.07,0.7073,,,,,,
,,,,,,,,884.82,0.7229,,,,,,,864.32,0.7073,,,,,,
,,,,,,,,885.39,0.7229,,,,,,,864.45,0.7073,,,,,,
,,,,,,,,885.59,0.7229,,,,,,,864.71,0.7073,,,,,,
,,,,,,,,888.73,0.7237,,,,,,,865.17,0.7072,,,,,,
,,,,,,,,888.89,0.7241,,,,,,,865.6,0.7072,,,,,,
,,,,,,,,889.23,0.7241,,,,,,,865.74,0.7072,,,,,,
,,,,,,,,889.26,0.7241,,,,,,,865.88,0.7072,,,,,,
,,,,,,,,889.58,0.7241,,,,,,,866.29,0.7072,,,,,,
,,,,,,,,889.59,0.7241,,,,,,,866.43,0.7072,,,,,,
,,,,,,,,889.7,0.7241,,,,,,,866.92,0.7072,,,,,,
,,,,,,,,889.83,0.7241,,,,,,,867.48,0.7072,,,,,,
,,,,,,,,890.34,0.7241,,,,,,,867.73,0.7072,,,,,,
,,,,,,,,890.34,0.7241,,,,,,,869.35,0.7072,,,,,,
,,,,,,,,890.39,0.7244,,,,,,,869.62,0.7072,,,,,,
,,,,,,,,890.4,0.7244,,,,,,,870.16,0.7072,,,,,,
,,,,,,,,890.46,0.7244,,,,,,,870.69,0.7077,,,,,,
,,,,,,,,890.81,0.7244,,,,,,,871.63,0.7078,,,,,,
,,,,,,,,890.92,0.7244,,,,,,,871.67,0.7077,,,,,,
,,,,,,,,891.6,0.7244,,,,,,,877.76,0.7078,,,,,,
,,,,,,,,891.87,0.7244,,,,,,,877.85,0.7079,,,,,,
,,,,,,,,892.71,0.7244,,,,,,,877.92,0.7079,,,,,,
,,,,,,,,893.35,0.7244,,,,,,,878.08,0.7079,,,,,,
,,,,,,,,893.63,0.7245,,,,,,,878.49,0.7082,,,,,,
,,,,,,,,894.54,0.7245,,,,,,,880.33,0.7097,,,,,,
,,,,,,,,895.31,0.7249,,,,,,,880.75,0.7109,,,,,,
,,,,,,,,896.73,0.7255,,,,,,,880.87,0.7109,,,,,,
,,,,,,,,896.8,0.7255,,,,,,,881.49,0.7109,,,,,,
,,,,,,,,897.36,0.7256,,,,,,,881.57,0.7109,,,,,,
,,,,,,,,897.44,0.7256,,,,,,,881.63,0.7112,,,,,,
,,,,,,,,897.59,0.7256,,,,,,,882.18,0.7112,,,,,,
,,,,,,,,898.33,0.7257,,,,,,,882.62,0.7112,,,,,,
,,,,,,,,899.26,0.7257,,,,,,,883.54,0.7112,,,,,,
,,,,,,,,899.93,0.7257,,,,,,,883.95,0.7112,,,,,,
,,,,,,,,900.2,0.7259,,,,,,,884.92,0.7112,,,,,,
,,,,,,,,900.36,0.7259,,,,,,,885.13,0.7112,,,,,,
,,,,,,,,900.55,0.7258,,,,,,,886.07,0.7112,,,,,,
,,,,,,,,901.6,0.7258,,,,,,,886.88,0.7112,,,,,,
,,,,,,,,902.85,0.7258,,,,,,,886.97,0.7112,,,,,,
,,,,,,,,903.56,0.7258,,,,,,,886.97,0.7112,,,,,,
,,,,,,,,905.07,0.7258,,,,,,,887.11,0.7113,,,,,,
,,,,,,,,906.4,0.7258,,,,,,,887.62,0.7113,,,,,,
,,,,,,,,906.49,0.7258,,,,,,,887.76,0.7112,,,,,,
,,,,,,,,907.94,0.7258,,,,,,,887.96,0.7112,,,,,,
,,,,,,,,909.85,0.7258,,,,,,,888.49,0.7114,,,,,,
,,,,,,,,911.22,0.7262,,,,,,,888.86,0.7114,,,,,,
,,,,,,,,911.5,0.728,,,,,,,888.86,0.7114,,,,,,
,,,,,,,,913.17,0.728,,,,,,,889.21,0.7114,,,,,,
,,,,,,,,913.21,0.728,,,,,,,890.07,0.7115,,,,,,
,,,,,,,,915.12,0.728,,,,,,,891.48,0.7128,,,,,,
,,,,,,,,916.73,0.729,,,,,,,892.17,0.7128,,,,,,
,,,,,,,,916.86,0.729,,,,,,,893.2,0.7128,,,,,,
,,,,,,,,916.86,0.729,,,,,,,893.8,0.7127,,,,,,
,,,,,,,,916.92,0.729,,,,,,,895.09,0.7127,,,,,,
,,,,,,,,916.92,0.729,,,,,,,895.75,0.7127,,,,,,
,,,,,,,,917.13,0.729,,,,,,,896.78,0.7127,,,,,,
,,,,,,,,917.21,0.729,,,,,,,897.87,0.7127,,,,,,
,,,,,,,,917.36,0.729,,,,,,,899.13,0.7127,,,,,,
,,,,,,,,917.44,0.729,,,,,,,899.39,0.7127,,,,,,
,,,,,,,,918.13,0.729,,,,,,,899.8,0.7127,,,,,,
,,,,,,,,918.77,0.729,,,,,,,901.04,0.7136,,,,,,
,,,,,,,,920.09,0.729,,,,,,,901.04,0.7136,,,,,,
,,,,,,,,920.5,0.729,,,,,,,901.3,0.7136,,,,,,
,,,,,,,,920.75,0.729,,,,,,,901.38,0.7136,,,,,,
,,,,,,,,921.51,0.729,,,,,,,901.38,0.7136,,,,,,
,,,,,,,,922.7,0.729,,,,,,,901.46,0.7136,,,,,,
,,,,,,,,922.98,0.729,,,,,,,901.46,0.7136,,,,,,
,,,,,,,,923.41,0.729,,,,,,,901.97,0.7142,,,,,,
,,,,,,,,923.83,0.7294,,,,,,,902.11,0.7142,,,,,,
,,,,,,,,924.24,0.7294,,,,,,,902.36,0.7142,,,,,,
,,,,,,,,924.54,0.7294,,,,,,,902.64,0.7142,,,,,,
,,,,,,,,924.98,0.7294,,,,,,,903.06,0.7142,,,,,,
,,,,,,,,928.58,0.7296,,,,,,,904.73,0.7142,,,,,,
,,,,,,,,928.7,0.7296,,,,,,,906.27,0.7142,,,,,,
,,,,,,,,928.89,0.7296,,,,,,,907.2,0.7142,,,,,,
,,,,,,,,928.89,0.7296,,,,,,,907.99,0.7142,,,,,,
,,,,,,,,928.89,0.7296,,,,,,,908.81,0.7142,,,,,,
,,,,,,,,929.09,0.7296,,,,,,,909.3,0.7142,,,,,,
,,,,,,,,929.35,0.7296,,,,,,,909.73,0.7142,,,,,,
,,,,,,,,929.67,0.7296,,,,,,,911.22,0.7142,,,,,,
,,,,,,,,929.67,0.7296,,,,,,,911.5,0.7148,,,,,,
,,,,,,,,929.67,0.7296,,,,,,,911.7,0.7148,,,,,,
,,,,,,,,929.71,0.7296,,,,,,,911.96,0.7154,,,,,,
,,,,,,,,930.61,0.7296,,,,,,,912.14,0.7154,,,,,,
,,,,,,,,930.94,0.7296,,,,,,,912.14,0.7154,,,,,,
,,,,,,,,931.83,0.7296,,,,,,,912.32,0.7154,,,,,,
,,,,,,,,932.49,0.7296,,,,,,,913.84,0.7165,,,,,,
,,,,,,,,933.33,0.7296,,,,,,,914.08,0.7165,,,,,,
,,,,,,,,933.76,0.7297,,,,,,,914.36,0.7165,,,,,,
,,,,,,,,934.73,0.7306,,,,,,,914.4,0.7165,,,,,,
,,,,,,,,935.46,0.7306,,,,,,,914.81,0.7165,,,,,,
,,,,,,,,936.18,0.7306,,,,,,,914.85,0.7165,,,,,,
,,,,,,,,936.41,0.7306,,,,,,,915.72,0.7165,,,,,,
,,,,,,,,937.45,0.7306,,,,,,,915.81,0.7165,,,,,,
,,,,,,,,938.08,0.7306,,,,,,,916.64,0.7179,,,,,,
,,,,,,,,938.87,0.7306,,,,,,,917.81,0.718,,,,,,
,,,,,,,,939.18,0.7306,,,,,,,918.24,0.718,,,,,,
,,,,,,,,940.08,0.7306,,,,,,,918.62,0.7183,,,,,,
,,,,,,,,940.75,0.7307,,,,,,,918.92,0.7183,,,,,,
,,,,,,,,943.3,0.7307,,,,,,,919.06,0.7183,,,,,,
,,,,,,,,943.31,0.7307,,,,,,,919.66,0.7183,,,,,,
,,,,,,,,943.4,0.7307,,,,,,,920.6,0.7183,,,,,,
,,,,,,,,943.4,0.7307,,,,,,,921.12,0.7183,,,,,,
,,,,,,,,943.52,0.7307,,,,,,,921.5,0.7183,,,,,,
,,,,,,,,945.72,0.7308,,,,,,,922.06,0.7183,,,,,,
,,,,,,,,946.14,0.7308,,,,,,,922.67,0.7184,,,,,,
,,,,,,,,946.14,0.7308,,,,,,,923.77,0.7184,,,,,,
,,,,,,,,949.05,0.7312,,,,,,,924.62,0.7184,,,,,,
,,,,,,,,949.32,0.7312,,,,,,,925.58,0.7188,,,,,,
,,,,,,,,949.35,0.7312,,,,,,,926.05,0.7188,,,,,,
,,,,,,,,949.85,0.7312,,,,,,,926.68,0.7188,,,,,,
,,,,,,,,949.85,0.7312,,,,,,,927.73,0.7188,,,,,,
,,,,,,,,949.87,0.7312,,,,,,,928.7,0.7188,,,,,,
,,,,,,,,949.95,0.7312,,,,,,,929.51,0.7188,,,,,,
,,,,,,,,950.45,0.7312,,,,,,,930.15,0.7188,,,,,,
,,,,,,,,950.74,0.7314,,,,,,,930.64,0.7188,,,,,,
,,,,,,,,950.96,0.7315,,,,,,,931.03,0.7188,,,,,,
,,,,,,,,951.14,0.7315,,,,,,,931.25,0.7189,,,,,,
,,,,,,,,951.75,0.7315,,,,,,,931.27,0.7189,,,,,,
,,,,,,,,951.84,0.7315,,,,,,,933.61,0.7193,,,,,,
,,,,,,,,952.8,0.7315,,,,,,,934.27,0.7193,,,,,,
,,,,,,,,953.74,0.7315,,,,,,,934.4,0.7193,,,,,,
,,,,,,,,954.06,0.7315,,,,,,,935.61,0.7193,,,,,,
,,,,,,,,954.56,0.7315,,,,,,,936.1,0.7199,,,,,,
,,,,,,,,955.46,0.7315,,,,,,,937.21,0.7199,,,,,,
,,,,,,,,956.06,0.7315,,,,,,,937.45,0.7199,,,,,,
,,,,,,,,956.75,0.7315,,,,,,,938.29,0.7199,,,,,,
,,,,,,,,957.76,0.7315,,,,,,,938.61,0.7199,,,,,,
,,,,,,,,958.74,0.7315,,,,,,,939.06,0.7199,,,,,,
,,,,,,,,958.94,0.7315,,,,,,,939.21,0.7199,,,,,,
,,,,,,,,959.19,0.7315,,,,,,,939.36,0.7199,,,,,,
,,,,,,,,959.24,0.7315,,,,,,,940.22,0.7199,,,,,,
,,,,,,,,959.24,0.7315,,,,,,,940.73,0.7199,,,,,,
,,,,,,,,959.31,0.7315,,,,,,,941.59,0.72,,,,,,
,,,,,,,,960.5,0.7317,,,,,,,942.45,0.72,,,,,,
,,,,,,,,960.69,0.7317,,,,,,,943.12,0.72,,,,,,
,,,,,,,,960.73,0.7317,,,,,,,943.97,0.72,,,,,,
,,,,,,,,960.82,0.7317,,,,,,,944.25,0.72,,,,,,
,,,,,,,,960.83,0.7317,,,,,,,944.25,0.72,,,,,,
,,,,,,,,960.91,0.7317,,,,,,,944.69,0.72,,,,,,
,,,,,,,,960.99,0.7317,,,,,,,944.69,0.72,,,,,,
,,,,,,,,961.23,0.7317,,,,,,,944.88,0.72,,,,,,
,,,,,,,,961.5,0.7317,,,,,,,945.56,0.72,,,,,,
,,,,,,,,961.63,0.7317,,,,,,,945.81,0.72,,,,,,
,,,,,,,,961.63,0.7317,,,,,,,946.29,0.72,,,,,,
,,,,,,,,961.86,0.7317,,,,,,,946.94,0.72,,,,,,
,,,,,,,,961.87,0.7317,,,,,,,947.54,0.72,,,,,,
,,,,,,,,962.08,0.7318,,,,,,,948.38,0.72,,,,,,
,,,,,,,,962.22,0.7319,,,,,,,948.41,0.7201,,,,,,
,,,,,,,,964.42,0.7332,,,,,,,949.68,0.7201,,,,,,
,,,,,,,,964.7,0.7333,,,,,,,950.36,0.7201,,,,,,
,,,,,,,,965.05,0.7337,,,,,,,950.36,0.7201,,,,,,
,,,,,,,,965.35,0.7336,,,,,,,950.94,0.7201,,,,,,
,,,,,,,,965.66,0.7336,,,,,,,950.99,0.7201,,,,,,
,,,,,,,,966.1,0.7336,,,,,,,951.71,0.7201,,,,,,
,,,,,,,,966.73,0.7336,,,,,,,952.75,0.7201,,,,,,
,,,,,,,,967.62,0.7336,,,,,,,952.95,0.7208,,,,,,
,,,,,,,,968.35,0.7336,,,,,,,952.95,0.7208,,,,,,
,,,,,,,,969.07,0.734,,,,,,,953.65,0.7208,,,,,,
,,,,,,,,969.82,0.734,,,,,,,955.15,0.7208,,,,,,
,,,,,,,,970.82,0.734,,,,,,,955.61,0.7208,,,,,,
,,,,,,,,972.11,0.7345,,,,,,,957.29,0.7208,,,,,,
,,,,,,,,973.25,0.7345,,,,,,,957.29,0.7208,,,,,,
,,,,,,,,973.73,0.7345,,,,,,,958.18,0.7208,,,,,,
,,,,,,,,973.9,0.7344,,,,,,,958.83,0.7208,,,,,,
,,,,,,,,975.17,0.7346,,,,,,,959.55,0.7208,,,,,,
,,,,,,,,975.45,0.7346,,,,,,,959.55,0.7208,,,,,,
,,,,,,,,975.6,0.7346,,,,,,,960.26,0.7208,,,,,,
,,,,,,,,979.03,0.7346,,,,,,,960.83,0.7208,,,,,,
,,,,,,,,979.26,0.7346,,,,,,,960.83,0.7208,,,,,,
,,,,,,,,979.87,0.7346,,,,,,,960.88,0.7208,,,,,,
,,,,,,,,980.5,0.7347,,,,,,,962.22,0.7208,,,,,,
,,,,,,,,981.34,0.7347,,,,,,,963.15,0.7208,,,,,,
,,,,,,,,981.86,0.7347,,,,,,,963.16,0.7208,,,,,,
,,,,,,,,982.62,0.7347,,,,,,,965.25,0.7208,,,,,,
,,,,,,,,984.68,0.7347,,,,,,,967.14,0.7208,,,,,,
,,,,,,,,984.8,0.7347,,,,,,,967.79,0.7208,,,,,,
,,,,,,,,984.91,0.7347,,,,,,,968.32,0.7208,,,,,,
,,,,,,,,987.29,0.7348,,,,,,,969.01,0.7208,,,,,,
,,,,,,,,987.29,0.7348,,,,,,,969.92,0.7209,,,,,,
,,,,,,,,987.33,0.7348,,,,,,,970.52,0.7209,,,,,,
,,,,,,,,987.45,0.7348,,,,,,,970.63,0.7209,,,,,,
,,,,,,,,987.76,0.7355,,,,,,,970.87,0.7209,,,,,,
,,,,,,,,988,0.7361,,,,,,,971,0.7209,,,,,,
,,,,,,,,988.22,0.736,,,,,,,971.4,0.721,,,,,,
,,,,,,,,989.24,0.7361,,,,,,,971.8,0.721,,,,,,
,,,,,,,,989.55,0.7361,,,,,,,972.39,0.7214,,,,,,
,,,,,,,,989.61,0.7361,,,,,,,973.23,0.7214,,,,,,
,,,,,,,,990.08,0.7361,,,,,,,974.37,0.7214,,,,,,
,,,,,,,,991.11,0.7361,,,,,,,975.44,0.7214,,,,,,
,,,,,,,,992.06,0.7362,,,,,,,976.17,0.7214,,,,,,
,,,,,,,,992.68,0.7362,,,,,,,976.61,0.7214,,,,,,
,,,,,,,,993.29,0.7362,,,,,,,976.9,0.7214,,,,,,
,,,,,,,,994.55,0.7362,,,,,,,977.16,0.7214,,,,,,
,,,,,,,,994.9,0.7362,,,,,,,977.28,0.7214,,,,,,
,,,,,,,,995.2,0.7362,,,,,,,977.87,0.7214,,,,,,
,,,,,,,,995.83,0.7362,,,,,,,978.81,0.7214,,,,,,
,,,,,,,,996.04,0.7362,,,,,,,978.92,0.7214,,,,,,
,,,,,,,,999.02,0.7362,,,,,,,978.94,0.7214,,,,,,
,,,,,,,,1000.11,0.7363,,,,,,,978.97,0.7214,,,,,,
,,,,,,,,,,,,,,,,979.22,0.7214,,,,,,
,,,,,,,,,,,,,,,,981.8,0.722,,,,,,
,,,,,,,,,,,,,,,,981.9,0.722,,,,,,
,,,,,,,,,,,,,,,,982.09,0.722,,,,,,
,,,,,,,,,,,,,,,,983.16,0.7221,,,,,,
,,,,,,,,,,,,,,,,983.31,0.7221,,,,,,
,,,,,,,,,,,,,,,,983.6,0.7221,,,,,,
,,,,,,,,,,,,,,,,985.19,0.7235,,,,,,
,,,,,,,,,,,,,,,,986.51,0.7247,,,,,,
,,,,,,,,,,,,,,,,986.91,0.7247,,,,,,
,,,,,,,,,,,,,,,,987.08,0.7247,,,,,,
,,,,,,,,,,,,,,,,987.13,0.7247,,,,,,
,,,,,,,,,,,,,,,,987.61,0.7247,,,,,,
,,,,,,,,,,,,,,,,987.79,0.7247,,,,,,
,,,,,,,,,,,,,,,,989.09,0.7247,,,,,,
,,,,,,,,,,,,,,,,989.28,0.7247,,,,,,
,,,,,,,,,,,,,,,,990.4,0.7247,,,,,,
,,,,,,,,,,,,,,,,990.86,0.7247,,,,,,
,,,,,,,,,,,,,,,,991.01,0.7247,,,,,,
,,,,,,,,,,,,,,,,992.09,0.7247,,,,,,
,,,,,,,,,,,,,,,,992.24,0.7247,,,,,,
,,,,,,,,,,,,,,,,993.04,0.7247,,,,,,
,,,,,,,,,,,,,,,,993.27,0.7247,,,,,,
,,,,,,,,,,,,,,,,993.44,0.7247,,,,,,
,,,,,,,,,,,,,,,,993.56,0.7247,,,,,,
,,,,,,,,,,,,,,,,993.72,0.7247,,,,,,
,,,,,,,,,,,,,,,,993.88,0.7247,,,,,,
,,,,,,,,,,,,,,,,993.96,0.7247,,,,,,
,,,,,,,,,,,,,,,,994.45,0.7247,,,,,,
,,,,,,,,,,,,,,,,994.63,0.7247,,,,,,
,,,,,,,,,,,,,,,,995.63,0.7275,,,,,,
,,,,,,,,,,,,,,,,996.36,0.7275,,,,,,
,,,,,,,,,,,,,,,,996.89,0.7275,,,,,,
,,,,,,,,,,,,,,,,997.2,0.7275,,,,,,
,,,,,,,,,,,,,,,,997.56,0.7275,,,,,,
,,,,,,,,,,,,,,,,997.72,0.7275,,,,,,
,,,,,,,,,,,,,,,,997.99,0.7283,,,,,,
,,,,,,,,,,,,,,,,998.58,0.7283,,,,,,
,,,,,,,,,,,,,,,,999.5,0.7283,,,,,,
,,,,,,,,,,,,,,,,1000.96,0.7283,,,,,,
